-- phpMyAdmin SQL Dump
-- version 4.5.4.1deb2ubuntu2
-- http://www.phpmyadmin.net
--
-- Host: localhost
-- Erstellungszeit: 25. Feb 2018 um 16:07
-- Server-Version: 10.0.33-MariaDB-0ubuntu0.16.04.1
-- PHP-Version: 7.0.22-0ubuntu0.16.04.1

SET SQL_MODE = "NO_AUTO_VALUE_ON_ZERO";
SET time_zone = "+00:00";


/*!40101 SET @OLD_CHARACTER_SET_CLIENT=@@CHARACTER_SET_CLIENT */;
/*!40101 SET @OLD_CHARACTER_SET_RESULTS=@@CHARACTER_SET_RESULTS */;
/*!40101 SET @OLD_COLLATION_CONNECTION=@@COLLATION_CONNECTION */;
/*!40101 SET NAMES utf8mb4 */;

--
-- Datenbank: `elective`
--

-- --------------------------------------------------------

--
-- Tabellenstruktur für Tabelle `course`
--

CREATE TABLE `course` (
  `courseID` int(11) NOT NULL,
  `title` varchar(1024) DEFAULT NULL,
  `created_at` timestamp NOT NULL DEFAULT CURRENT_TIMESTAMP,
  `last_modified` timestamp NOT NULL DEFAULT '0000-00-00 00:00:00',
  `description` mediumtext,
  `note` text,
  `room` varchar(255) DEFAULT NULL,
  `maxStudents` int(11) DEFAULT NULL,
  `ignored` tinyint(1) NOT NULL DEFAULT '0'
) ENGINE=InnoDB DEFAULT CHARSET=utf8mb4;

--
-- Daten für Tabelle `course`
--

INSERT INTO `course` (`courseID`, `title`, `created_at`, `last_modified`, `description`, `note`, `room`, `maxStudents`, `ignored`) VALUES
(1, 'course1', '2018-01-23 19:58:32', '0000-00-00 00:00:00', 'Lorem ipsum dolor sit amet, consectetuer adipiscing elit. Aenean commodo ligula eget dolor. Aenean massa. Cum sociis natoque penatibus et magnis dis parturient montes, nascetur ridiculus mus. Donec quam felis, ultricies nec, pellentesque eu, pretium quis, sem. Nulla consequat massa quis enim. Donec pede justo, fringilla vel, aliquet nec, vulputate eget, arcu. In enim justo, rhoncus ut, imperdiet a, venenatis vitae, justo. Nullam dictum felis eu pede mollis pretium. Integer tincidunt. Cras dapibus. Vivamus elementum semper nisi. Aenean vulputate eleifend tellus. Aenean leo ligula, porttitor eu, consequat vitae, eleifend ac, enim. Aliquam lorem ante, dapibus in, viverra quis, feugiat a, tellus.', '', NULL, 12, 0),
(3, 'course3', '2018-01-23 19:58:32', '2018-01-23 19:58:32', 'Li Europan lingues es membres del sam familie. Lor separat existentie es un myth. Por scientie, musica, sport etc, litot Europa usa li sam vocabular. Li lingues differe solmen in li grammatica, li pronunciation e li plu commun vocabules. Omnicos directe al desirabilite de un nov lingua franca: On refusa continuar payar custosi traductores. At solmen va esser necessi far uniform grammatica, pronunciation e plu sommun paroles. Ma quande lingues coalesce, li grammatica del resultant lingue es plu simplic e regulari quam ti del coalescent lingues. Li nov lingua franca va esser plu simplic e regulari quam li existent Europan lingues. It va esser tam simplic quam Occidental in fact, it va esser Occidental. A un Angleso it va semblar un simplificat Angles, quam un skeptic Cambridge', 'abc', '13', 11, 0),
(4, 'course4', '2018-01-23 19:58:32', '2018-01-23 19:58:32', 'he quick, brown fox jumps over a lazy dog. DJs flock by when MTV ax quiz prog. Junk MTV quiz graced by fox whelps. Bawds jog, flick quartz, vex nymphs. Waltz, bad nymph, for quick jigs vex! Fox nymphs grab quick-jived waltz. Brick quiz whangs jumpy veldt fox. Bright vixens jump; dozy fowl quack. Quick wafting zephyrs vex bold Jim. Quick zephyrs blow, vexing daft Jim. Sex-charged fop blew my junk TV quiz. How quickly daft jumping zebras vex. Two driven jocks help fax my big quiz. Quick, Baz, get my woven flax jodhpurs! "Now fax quiz Jack!" my brave ghost pled. ', 'abc', '14', 22, 0),
(6, 'course6 with a really really very long title ', '2018-01-23 19:58:32', '0000-00-00 00:00:00', 'Es gibt im Moment in diese Mannschaft, oh, einige Spieler vergessen ihnen Profi was sie sind. Ich lese nicht sehr viele Zeitungen, aber ich habe gehört viele Situationen. Erstens: wir haben nicht offensiv gespielt. Es gibt keine deutsche Mannschaft spielt offensiv und die Name offensiv wie Bayern. Letzte Spiel hatten wir in Platz drei Spitzen: Elber, Jancka und dann Zickler. Wir müssen nicht vergessen Zickler. Zickler ist eine Spitzen mehr, Mehmet eh mehr Basler. Ist klar diese Wörter, ist möglich verstehen, was ich hab gesagt? Danke. Offensiv, offensiv ist wie machen wir in Platz. Zweitens: ich habe erklärt mit diese zwei Spieler: nach Dortmund brauchen vielleicht Halbzeit Pause. Ich habe auch andere Mannschaften gesehen in Europa nach diese Mittwoch. Ich habe gesehen auch zwei Tage die Training. Ein Trainer ist nicht ein Idiot! ', '', NULL, 11, 0),
(7, 'course7', '2018-01-23 19:58:32', '2018-01-23 19:58:32', 'Weit hinten, hinter den Wortbergen, fern der Länder Vokalien und Konsonantien leben die Blindtexte. Abgeschieden wohnen sie in Buchstabhausen an der Küste des Semantik, eines großen Sprachozeans. Ein kleines Bächlein namens Duden fließt durch ihren Ort und versorgt sie mit den nötigen Regelialien. Es ist ein paradiesmatisches Land, in dem einem gebratene Satzteile in den Mund fliegen. Nicht einmal von der allmächtigen Interpunktion werden die Blindtexte beherrscht – ein geradezu unorthographisches Leben. Eines Tages aber beschloß eine kleine Zeile Blindtext, ihr Name war Lorem Ipsum, hinaus zu gehen in die weite Grammatik. Der große Oxmox riet ihr davon ab, da es dort wimmele von bösen Kommata, wilden ', 'abc', '17', 11, 0),
(8, 'course8', '2018-01-23 19:58:32', '2018-01-23 19:58:32', 'oin, très loin, au delà des monts Mots, à mille lieues des pays Voyellie et Consonnia, demeurent les Bolos Bolos. Ils vivent en retrait, à Bourg-en-Lettres, sur les côtes de la Sémantique, un vaste océan de langues. Un petit ruisseau, du nom de Larousse, coule en leur lieu et les approvisionne en règlalades nécessaires en tout genre; un pays paradisiagmatique, dans lequel des pans entiers de phrases prémâchées vous volent litéralement tout cuit dans la bouche. Pas même la toute puissante Ponctuation ne régit les Bolos Bolos - une vie on ne peut moins orthodoxographique. Un jour pourtant, une petite ligne de Bolo', 'abc', '18', 11, 0),
(9, 'course9', '2018-01-23 19:58:32', '2018-01-23 19:58:32', 'En se réveillant un matin après des rêves agités, Gregor Samsa se retrouva, dans son lit, métamorphosé en un monstrueux insecte. Il était sur le dos, un dos aussi dur qu’une carapace, et, en relevant un peu la tête, il vit, bombé, brun, cloisonné par des arceaux plus rigides, son abdomen sur le haut duquel la couverture, prête à glisser tout à fait, ne tenait plus qu’à peine. Ses nombreuses pattes, ', 'abc', '19', 11, 0),
(10, 'course10', '2018-01-23 19:58:32', '2018-01-23 19:58:32', 'Y, viéndole don Quijote de aquella manera, con muestras de tanta tristeza, le dijo: Sábete, Sancho, que no es un hombre más que otro si no hace más que otro. Todas estas borrascas que nos suceden son señales de que presto ha de serenar el tiempo y han de sucedernos bien las cosas; porque no es posible que el mal ni el bien sean durables, y de aquí se sigue que, habiendo durado mucho el mal, el bien está ya cerca. Así que, no debes congojarte por las desgracias que a mí me suceden, pues a ti no te cabe parte dellas.Y,', 'abc', '20', 11, 0),
(11, 'course11', '2018-01-23 19:58:32', '2018-01-23 19:58:32', 'na mañana, tras un sueño intranquilo, Gregorio Samsa se despertó convertido en un monstruoso insecto. Estaba echado de espaldas sobre un duro caparazón y, al alzar la cabeza, vio su vientre convexo y oscuro, surcado por curvadas callosidades, sobre el que casi no se aguantaba la colcha, que estaba a punto de escurrirse hasta el suelo. Numerosas patas, penosamente delgadas en comparación con el grosor normal de sus piernas, se agitaban sin concierto. - ¿Qué me ha ocurrido? No estaba soñando. Su habitación, una habitación normal, aunque muy pequeña, tenía el aspecto habitual. Sobre la mesa había desparramado un muestrario de paños - Samsa era viajante de comercio-, y de la pared colgaba una estampa recientemente ', 'abc', '21', 11, 0),
(12, 'course12', '2018-01-23 19:58:32', '2018-01-23 19:58:32', 'In una terra lontana, dietro le montagne Parole, lontani dalle terre di Vocalia e Consonantia, vivono i testi casuali. Vivono isolati nella cittadina di Lettere, sulle coste del Semantico, un immenso oceano linguistico. Un piccolo ruscello chiamato Devoto Oli attraversa quei luoghi, rifornendoli di tutte le regolalie di cui hanno bisogno. È una terra paradismatica, un paese della cuccagna in cui golose porzioni di proposizioni arrostite volano in bocca a chi le desideri.', 'abc', '22', 1, 0),
(13, 'course13', '2018-01-23 19:58:33', '2018-01-23 19:58:33', 'La mia anima è pervasa da una mirabile serenità, simile a queste belle mattinate di maggio che io godo con tutto il cuore. Sono solo e mi rallegro di vivere in questo luogo che sembra esser creato per anime simili alla mia. Sono così felice, mio caro, così immerso nel sentimento della mia tranquilla esistenza che la mia arte ne soffre. Non potrei disegnare nulla ora, neppure un segno potrei tracciare; eppure mai sono stato così gran pittore come in questo momento. Quando l\'amata valle intorno a me si avvolge nei suoi vapori, e l\'alto sole posa sulla mia foresta impenetrabilmente oscura, e solo alcuni raggi si spingono nell\'interno sacrario,', 'abc', '23', 11, 0),
(14, 'course14', '2018-01-23 19:58:33', '2018-01-23 19:58:33', 'Celou mou duši zaplavilo zázračné veselí, podobné sladkým jitrům jara, kterých plným douškem užívám. Jsem tak zcela sám a těším se z toho, že žiji, zde, v této krajině, která je stvořena pro duše, jako je má. Jsem tak šťasten, drahý příteli, tak pohroužen do pocitu klidného bytí, že to je až na škodu mému umění. Nedovedl bych ted‘ kreslit, ani čárku bych nesvedl, a přece jsem nikdy nebyl větším malířem než právě v těchto okamžicích, když celé údolí se vypařuje a výsostné slunce spočívá na neprostupných temnotách mého lesa a jenom ', 'abc', '24', 11, 0),
(15, 'course15', '2018-01-23 19:58:33', '2018-01-23 19:58:33', 'Uslyšel za sebou tiché kroky. To nevěštilo nic dobrého. Kdo by ho mohl sledovat tak pozdě v noci, v tomhle zapomenutém koutě města? A právě teď, když se mu tak zadařilo a prchal s prachama. Je to další ničema, který měl stejný nápad a teď ho sleduje a čeká na svou šanci, aby mu vzal plody jeho práce? Nebo to byly kroky jednoho z mnoha policistů ve městě, který ho sleduje, aby ho drapnul a nasadil mu želízka? Nervózně se rozhlédl. Náhle uviděl uličku. Jako blesk se vrhnul doleva a zmizel mezi dvěma skladišti. Málem přitom zakopl o popelnici, která ležela na chodníku. Nervózně se snažil našmátrat cestu tmou černou jako inkoust. Náhle ztuhl. Byla to slepá ulička. Musí se vrátit odkud přišel. Kroky byly stále hlasitější. Už viděl tmavou siluetu muže přicházejícího zpoza rohu. Tak to je konec, pomyslel si. Tisknul se ke zdi a snažil se s ní splynout. Bylo všechno to plánování a energie vynaložena na nic? Strach, studený a lepkavý jako pot, prostupoval jeho šaty. Náhle, se sotva slyšitelným vrznutím, pootevřel noční vánek dveře vedle něho. Je to útočiště, za které se modlil? Pomalu se sunul ke dveřím. Víc a víc se snažil vtlačit do zdi, ', 'abc', '25', 11, 0),
(16, 'course16', '2018-01-23 19:58:33', '2018-01-23 19:58:33', 'Любя, съешь щипцы, — вздохнёт мэр, — кайф жгуч. Шеф взъярён тчк щипцы с эхом гудбай Жюль. Эй, жлоб! Где туз? Прячь юных съёмщиц в шкаф. Экс-граф? Плюш изъят. Бьём чуждый цен хвощ! Эх, чужак! Общий съём цен шляп (юфть) — вдрызг! Любя, съешь щипцы, — вздохнёт мэр, — кайф жгуч. Шеф взъярён тчк щипцы с эхом гудбай Жюль. Эй, жлоб! Где туз? Прячь юных съёмщиц в шкаф. Экс-граф? Плюш изъят. Бьём чуждый цен хвощ! Эх, чужак! Общий съём цен шляп (юфть) — вдрызг! Любя, съешь щипцы, — вздохнёт мэр, — кайф жгуч. Шеф взъярён тчк щипцы с эхом гудбай Жюль. Эй, жлоб! Где туз? Прячь юных съёмщиц в шкаф. Экс-граф? Плюш изъят. Бьём чуждый цен хвощ! Эх, чужак! Общий съём цен шляп (юфть) — вдрызг! Любя, съешь щипцы, — вздохнёт мэр, — кайф жгуч. Шеф взъярён тчк щипцы с эхом гудбай Жюль. Эй, жлоб! Где туз? Прячь юных съёмщиц в шкаф. Экс-граф? Плюш изъят. Бьём чуждый цен хвощ! Эх, чужак! Общий съём цен шляп (юфть) — вдрызг!Любя, съешь щипцы, — вздохнёт мэр, — кайф жгуч. Шеф взъярён тчк щипцы с эхом гудбай Жюль. Эй, жлоб! Где туз? Прячь юных съёмщиц в шкаф. Экс-граф? Плюш изъят. Бьём чуждый цен ', 'abc', '26', 11, 0),
(17, 'course17', '2018-01-23 19:58:33', '2018-01-23 19:58:33', 'Далеко-далеко за словесными горами в стране гласных и согласных живут рыбные тексты. Вдали от всех живут они в буквенных домах на берегу Семантика большого языкового океана. Маленький ручеек Даль журчит по всей стране и обеспечивает ее всеми необходимыми правилами. Эта парадигматическая страна, в которой жаренные члены предложения залетают прямо в рот. Даже всемогущая пунктуация не имеет власти над рыбными текстами, ведущими безорфографичный образ жизни. Однажды одна маленькая ', 'abc', '27', 0, 0);

-- --------------------------------------------------------

--
-- Tabellenstruktur für Tabelle `courseLeader`
--

CREATE TABLE `courseLeader` (
  `userID` int(11) NOT NULL,
  `courseID` int(11) NOT NULL,
  `add_at` timestamp NOT NULL DEFAULT CURRENT_TIMESTAMP
) ENGINE=InnoDB DEFAULT CHARSET=utf8mb4;

--
-- Daten für Tabelle `courseLeader`
--

INSERT INTO `courseLeader` (`userID`, `courseID`, `add_at`) VALUES
(203, 3, '2018-01-23 20:04:41'),
(204, 4, '2018-01-23 20:04:41'),
(205, 4, '2018-01-23 20:04:42'),
(206, 6, '0000-00-00 00:00:00'),
(207, 7, '2018-01-23 20:04:42'),
(208, 8, '2018-01-23 20:04:42'),
(209, 9, '2018-01-23 20:04:42'),
(210, 10, '2018-01-23 20:04:42'),
(211, 11, '2018-01-23 20:04:42'),
(212, 12, '2018-01-23 20:04:42'),
(213, 13, '2018-01-23 20:04:42'),
(214, 14, '2018-01-23 20:04:42'),
(215, 15, '2018-01-23 20:04:42'),
(216, 16, '2018-01-23 20:04:42'),
(218, 1, '0000-00-00 00:00:00');

-- --------------------------------------------------------

--
-- Tabellenstruktur für Tabelle `selection`
--

CREATE TABLE `selection` (
  `userID` int(11) NOT NULL,
  `courseID` int(11) NOT NULL,
  `last_save` timestamp NOT NULL DEFAULT CURRENT_TIMESTAMP,
  `priority` int(11) NOT NULL,
  `fix` tinyint(1) DEFAULT '0'
) ENGINE=InnoDB DEFAULT CHARSET=utf8mb4;

--
-- Daten für Tabelle `selection`
--

INSERT INTO `selection` (`userID`, `courseID`, `last_save`, `priority`, `fix`) VALUES
(1, 4, '2018-01-23 20:43:49', 2, 0),
(1, 6, '2018-01-23 20:43:39', 1, 0),
(1, 9, '2018-01-23 20:44:00', 3, 0),
(2, 9, '2018-01-23 20:43:39', 1, 0),
(2, 12, '2018-01-23 20:43:49', 2, 0),
(12, 1, '2018-01-23 20:43:39', 1, 0),
(12, 3, '2018-01-23 20:43:50', 2, 0),
(12, 10, '2018-01-23 20:44:01', 3, 0),
(13, 1, '2018-01-23 20:44:01', 3, 0),
(13, 11, '2018-01-23 20:43:40', 1, 0),
(13, 16, '2018-01-23 20:43:50', 2, 0),
(14, 3, '2018-01-23 20:43:40', 1, 0),
(14, 12, '2018-01-23 20:44:01', 3, 0),
(15, 7, '2018-01-23 20:44:01', 3, 0),
(15, 10, '2018-01-23 20:43:40', 1, 0),
(15, 15, '2018-01-23 20:43:50', 2, 0),
(16, 4, '2018-01-23 20:44:01', 3, 0),
(16, 12, '2018-01-23 20:43:40', 1, 0),
(16, 16, '2018-01-23 20:43:50', 2, 0),
(17, 3, '2018-01-23 20:43:50', 2, 0),
(17, 11, '2018-01-23 20:43:40', 1, 0),
(17, 14, '2018-01-23 20:44:01', 3, 0),
(18, 6, '2018-01-23 20:44:01', 3, 0),
(18, 16, '2018-01-23 20:43:50', 2, 0),
(19, 4, '2018-01-23 20:43:40', 1, 0),
(19, 11, '2018-01-23 20:44:01', 3, 0),
(19, 13, '2018-01-23 20:43:50', 2, 0),
(20, 3, '2018-01-23 20:44:01', 3, 0),
(20, 11, '2018-01-23 20:43:40', 1, 0),
(20, 16, '2018-01-23 20:43:50', 2, 0),
(21, 7, '2018-01-23 20:44:01', 3, 0),
(21, 13, '2018-01-23 20:43:40', 1, 0),
(21, 16, '2018-01-23 20:43:50', 2, 0),
(22, 1, '2018-01-23 20:43:40', 1, 0),
(22, 4, '2018-01-23 20:43:50', 2, 0),
(22, 6, '2018-01-23 20:44:01', 3, 0),
(23, 3, '2018-01-23 20:43:40', 1, 0),
(23, 14, '2018-01-23 20:43:50', 2, 0),
(24, 3, '2018-01-23 20:44:02', 3, 0),
(24, 6, '2018-01-23 20:43:51', 2, 0),
(24, 11, '2018-01-23 20:43:40', 1, 0),
(25, 1, '2018-01-23 20:43:51', 2, 0),
(25, 11, '2018-01-23 20:44:02', 3, 0),
(25, 15, '2018-01-23 20:43:40', 1, 0),
(26, 1, '2018-01-23 20:43:51', 2, 0),
(26, 8, '2018-01-23 20:44:02', 3, 0),
(27, 1, '2018-01-23 20:43:40', 1, 0),
(27, 15, '2018-01-23 20:44:02', 3, 0),
(28, 4, '2018-01-23 20:43:40', 1, 0),
(28, 11, '2018-01-23 20:43:51', 2, 0),
(28, 16, '2018-01-23 20:44:02', 3, 0),
(29, 8, '2018-01-23 20:43:51', 2, 0),
(29, 12, '2018-01-23 20:43:40', 1, 0),
(30, 1, '2018-01-23 20:44:02', 3, 0),
(30, 12, '2018-01-23 20:43:40', 1, 0),
(30, 15, '2018-01-23 20:43:51', 2, 0),
(31, 7, '2018-01-23 20:43:51', 2, 0),
(31, 11, '2018-01-23 20:44:02', 3, 0),
(31, 14, '2018-01-23 20:43:40', 1, 0),
(32, 6, '2018-01-23 20:43:51', 2, 0),
(32, 12, '2018-01-23 20:43:40', 1, 0),
(33, 11, '2018-01-23 20:44:02', 3, 0),
(33, 13, '2018-01-23 20:43:40', 1, 0),
(34, 11, '2018-01-23 20:44:02', 3, 0),
(34, 12, '2018-01-23 20:43:51', 2, 0),
(34, 16, '2018-01-23 20:43:41', 1, 0),
(35, 9, '2018-01-23 20:43:51', 2, 0),
(35, 11, '2018-01-23 20:44:02', 3, 0),
(35, 15, '2018-01-23 20:43:41', 1, 0),
(36, 4, '2018-01-23 20:43:41', 1, 0),
(36, 9, '2018-01-23 20:43:51', 2, 0),
(37, 10, '2018-01-23 20:43:51', 2, 0),
(37, 13, '2018-01-23 20:44:02', 3, 0),
(37, 16, '2018-01-23 20:43:41', 1, 0),
(38, 6, '2018-01-23 20:44:02', 3, 0),
(38, 8, '2018-01-23 20:43:51', 2, 0),
(39, 1, '2018-01-23 20:43:41', 1, 0),
(39, 9, '2018-01-23 20:43:51', 2, 0),
(39, 11, '2018-01-23 20:44:02', 3, 0),
(40, 6, '2018-01-23 20:43:51', 2, 0),
(40, 12, '2018-01-23 20:44:02', 3, 0),
(41, 9, '2018-01-23 20:43:41', 1, 0),
(41, 10, '2018-01-23 20:44:02', 3, 0),
(41, 11, '2018-01-23 20:43:51', 2, 0),
(42, 11, '2018-01-23 20:43:52', 2, 0),
(42, 15, '2018-01-23 20:44:03', 3, 0),
(42, 16, '2018-01-23 20:43:41', 1, 0),
(43, 6, '2018-01-23 20:43:52', 2, 0),
(43, 16, '2018-01-23 20:43:41', 1, 0),
(44, 1, '2018-01-23 20:44:03', 3, 0),
(44, 7, '2018-01-23 20:43:52', 2, 0),
(44, 16, '2018-01-23 20:43:41', 1, 0),
(45, 6, '2018-01-23 20:44:03', 3, 0),
(45, 11, '2018-01-23 20:43:52', 2, 0),
(46, 6, '2018-01-23 20:43:52', 2, 0),
(46, 12, '2018-01-23 20:44:03', 3, 0),
(46, 13, '2018-01-23 20:43:41', 1, 0),
(47, 3, '2018-01-23 20:43:41', 1, 0),
(47, 9, '2018-01-23 20:43:52', 2, 0),
(48, 7, '2018-01-23 20:43:52', 2, 0),
(48, 10, '2018-01-23 20:43:41', 1, 0),
(48, 12, '2018-01-23 20:44:03', 3, 0),
(49, 1, '2018-01-23 20:44:03', 3, 0),
(49, 10, '2018-01-23 20:43:52', 2, 0),
(49, 15, '2018-01-23 20:43:41', 1, 0),
(50, 3, '2018-01-23 20:43:52', 2, 0),
(50, 15, '2018-01-23 20:43:41', 1, 0),
(51, 4, '2018-01-23 20:43:52', 2, 0),
(51, 8, '2018-01-23 20:43:41', 1, 0),
(51, 10, '2018-01-23 20:44:03', 3, 0),
(52, 12, '2018-01-23 20:43:42', 1, 0),
(52, 13, '2018-01-23 20:43:52', 2, 0),
(52, 14, '2018-01-23 20:44:03', 3, 0),
(53, 10, '2018-01-23 20:43:42', 1, 0),
(53, 13, '2018-01-23 20:43:52', 2, 0),
(53, 15, '2018-01-23 20:44:03', 3, 0),
(54, 1, '2018-01-23 20:43:42', 1, 0),
(54, 10, '2018-01-23 20:44:03', 3, 0),
(54, 14, '2018-01-23 20:43:52', 2, 0),
(55, 1, '2018-01-23 20:44:03', 3, 0),
(55, 3, '2018-01-23 20:43:52', 2, 0),
(55, 15, '2018-01-23 20:43:42', 1, 0),
(56, 1, '2018-01-23 20:44:03', 3, 0),
(56, 14, '2018-01-23 20:43:42', 1, 0),
(57, 6, '2018-01-23 20:43:42', 1, 0),
(57, 11, '2018-01-23 20:43:52', 2, 0),
(58, 13, '2018-01-23 20:43:52', 2, 0),
(58, 15, '2018-01-23 20:44:03', 3, 0),
(59, 1, '2018-01-23 20:43:42', 1, 0),
(59, 6, '2018-01-23 20:43:52', 2, 0),
(59, 9, '2018-01-23 20:44:03', 3, 0),
(60, 12, '2018-01-23 20:43:52', 2, 0),
(60, 14, '2018-01-23 20:44:03', 3, 0),
(61, 3, '2018-01-23 20:43:52', 2, 0),
(61, 6, '2018-01-23 20:44:04', 3, 0),
(61, 7, '2018-01-23 20:43:42', 1, 0),
(62, 7, '2018-01-23 20:43:53', 2, 0),
(62, 13, '2018-01-23 20:44:04', 3, 0),
(62, 14, '2018-01-23 20:43:42', 1, 0),
(63, 8, '2018-01-23 20:44:04', 3, 0),
(63, 11, '2018-01-23 20:43:53', 2, 0),
(63, 16, '2018-01-23 20:43:42', 1, 0),
(64, 4, '2018-01-23 20:44:04', 3, 0),
(64, 9, '2018-01-23 20:43:53', 2, 0),
(64, 14, '2018-01-23 20:43:42', 1, 0),
(65, 1, '2018-01-23 20:43:53', 2, 0),
(65, 8, '2018-01-23 20:44:04', 3, 0),
(65, 10, '2018-01-23 20:43:42', 1, 0),
(66, 6, '2018-01-23 20:43:53', 2, 0),
(66, 8, '2018-01-23 20:43:42', 1, 0),
(66, 13, '2018-01-23 20:44:04', 3, 0),
(67, 8, '2018-01-23 20:43:53', 2, 0),
(67, 10, '2018-01-23 20:43:42', 1, 0),
(67, 12, '2018-01-23 20:44:04', 3, 0),
(68, 1, '2018-01-23 20:43:53', 2, 0),
(68, 3, '2018-01-23 20:43:42', 1, 0),
(68, 7, '2018-01-23 20:44:04', 3, 0),
(69, 1, '2018-01-23 20:43:42', 1, 0),
(69, 8, '2018-01-23 20:43:53', 2, 0),
(69, 11, '2018-01-23 20:44:04', 3, 0),
(70, 6, '2018-01-23 20:43:42', 1, 0),
(71, 1, '2018-01-23 20:44:04', 3, 0),
(71, 8, '2018-01-23 20:43:42', 1, 0),
(71, 15, '2018-01-23 20:43:53', 2, 0),
(72, 3, '2018-01-23 20:43:42', 1, 0),
(72, 7, '2018-01-23 20:43:53', 2, 0),
(72, 10, '2018-01-23 20:44:04', 3, 0),
(73, 3, '2018-01-23 20:43:53', 2, 0),
(73, 8, '2018-01-23 20:43:42', 1, 0),
(73, 9, '2018-01-23 20:44:04', 3, 0),
(74, 7, '2018-01-23 20:43:43', 1, 0),
(74, 14, '2018-01-23 20:43:53', 2, 0),
(75, 9, '2018-01-23 20:43:43', 1, 0),
(75, 15, '2018-01-23 20:43:53', 2, 0),
(75, 16, '2018-01-23 20:44:04', 3, 0),
(76, 6, '2018-01-23 20:43:43', 1, 0),
(76, 16, '2018-01-23 20:43:53', 2, 0),
(77, 6, '2018-01-23 20:43:43', 1, 0),
(77, 11, '2018-01-23 20:44:04', 3, 0),
(77, 15, '2018-01-23 20:43:53', 2, 0),
(78, 12, '2018-01-23 20:44:04', 3, 0),
(78, 13, '2018-01-23 20:43:53', 2, 0),
(78, 14, '2018-01-23 20:43:43', 1, 0),
(79, 7, '2018-01-23 20:43:53', 2, 0),
(79, 12, '2018-01-23 20:44:05', 3, 0),
(79, 13, '2018-01-23 20:43:43', 1, 0),
(80, 3, '2018-01-23 20:43:43', 1, 0),
(80, 6, '2018-01-23 20:43:53', 2, 0),
(80, 15, '2018-01-23 20:44:05', 3, 0),
(81, 4, '2018-01-23 20:43:43', 1, 0),
(81, 10, '2018-01-23 20:44:05', 3, 0),
(82, 4, '2018-01-23 20:43:54', 2, 0),
(82, 10, '2018-01-23 20:44:05', 3, 0),
(82, 13, '2018-01-23 20:43:43', 1, 0),
(83, 11, '2018-01-23 20:43:54', 2, 0),
(83, 16, '2018-01-23 20:43:43', 1, 0),
(84, 7, '2018-01-23 20:43:43', 1, 0),
(84, 10, '2018-01-23 20:44:05', 3, 0),
(84, 11, '2018-01-23 20:43:54', 2, 0),
(85, 10, '2018-01-23 20:44:05', 3, 0),
(85, 13, '2018-01-23 20:43:43', 1, 0),
(85, 16, '2018-01-23 20:43:54', 2, 0),
(86, 6, '2018-01-23 20:43:43', 1, 0),
(86, 14, '2018-01-23 20:44:05', 3, 0),
(87, 6, '2018-01-23 20:43:54', 2, 0),
(87, 11, '2018-01-23 20:43:43', 1, 0),
(87, 13, '2018-01-23 20:44:05', 3, 0),
(88, 14, '2018-01-23 20:44:05', 3, 0),
(88, 16, '2018-01-23 20:43:43', 1, 0),
(89, 11, '2018-01-23 20:43:54', 2, 0),
(89, 14, '2018-01-23 20:43:43', 1, 0),
(89, 15, '2018-01-23 20:44:05', 3, 0),
(90, 9, '2018-01-23 20:43:43', 1, 0),
(90, 10, '2018-01-23 20:43:54', 2, 0),
(90, 16, '2018-01-23 20:44:05', 3, 0),
(91, 6, '2018-01-23 20:43:54', 2, 0),
(91, 8, '2018-01-23 20:43:43', 1, 0),
(91, 13, '2018-01-23 20:44:05', 3, 0),
(92, 7, '2018-01-23 20:44:05', 3, 0),
(92, 12, '2018-01-23 20:43:54', 2, 0),
(93, 6, '2018-01-23 20:44:05', 3, 0),
(93, 7, '2018-01-23 20:43:54', 2, 0),
(93, 14, '2018-01-23 20:43:44', 1, 0),
(94, 7, '2018-01-23 20:43:44', 1, 0),
(94, 10, '2018-01-23 20:44:05', 3, 0),
(94, 11, '2018-01-23 20:43:54', 2, 0),
(95, 6, '2018-01-23 20:44:05', 3, 0),
(95, 13, '2018-01-23 20:43:44', 1, 0),
(95, 14, '2018-01-23 20:43:54', 2, 0),
(96, 11, '2018-01-23 20:43:44', 1, 0),
(96, 15, '2018-01-23 20:44:05', 3, 0),
(96, 16, '2018-01-23 20:43:54', 2, 0),
(97, 6, '2018-01-23 20:44:05', 3, 0),
(97, 10, '2018-01-23 20:43:54', 2, 0),
(97, 11, '2018-01-23 20:43:44', 1, 0),
(98, 9, '2018-01-23 20:43:44', 1, 0),
(98, 10, '2018-01-23 20:43:54', 2, 0),
(98, 13, '2018-01-23 20:44:05', 3, 0),
(99, 1, '0000-00-00 00:00:00', 2, 0),
(99, 15, '0000-00-00 00:00:00', 1, 0),
(100, 3, '2018-01-23 20:44:06', 3, 0),
(100, 6, '2018-01-23 20:43:55', 2, 0),
(100, 8, '2018-01-23 20:43:44', 1, 0),
(101, 8, '2018-01-23 20:43:44', 1, 0),
(101, 10, '2018-01-23 20:43:55', 2, 0),
(101, 16, '2018-01-23 20:44:06', 3, 0),
(102, 8, '2018-01-23 20:43:55', 2, 0),
(102, 13, '2018-01-23 20:44:06', 3, 0),
(102, 14, '2018-01-23 20:43:44', 1, 0),
(103, 9, '2018-01-23 20:43:44', 1, 0),
(103, 15, '2018-01-23 20:43:55', 2, 0),
(103, 16, '2018-01-23 20:44:06', 3, 0),
(104, 4, '2018-01-23 20:44:06', 3, 0),
(104, 14, '2018-01-23 20:43:44', 1, 0),
(105, 8, '2018-01-23 20:43:44', 1, 0),
(105, 10, '2018-01-23 20:43:55', 2, 0),
(105, 15, '2018-01-23 20:44:06', 3, 0),
(106, 6, '2018-01-23 20:43:55', 2, 0),
(106, 10, '2018-01-23 20:43:44', 1, 0),
(106, 14, '2018-01-23 20:44:06', 3, 0),
(107, 3, '2018-01-23 20:43:44', 1, 0),
(107, 4, '2018-01-23 20:44:06', 3, 0),
(107, 7, '2018-01-23 20:43:55', 2, 0),
(108, 11, '2018-01-23 20:44:06', 3, 0),
(108, 15, '2018-01-23 20:43:44', 1, 0),
(109, 9, '2018-01-23 20:44:06', 3, 0),
(109, 11, '2018-01-23 20:43:45', 1, 0),
(110, 13, '2018-01-23 20:44:06', 3, 0),
(110, 14, '2018-01-23 20:43:55', 2, 0),
(110, 16, '2018-01-23 20:43:45', 1, 0),
(111, 3, '2018-01-23 20:43:55', 2, 0),
(111, 13, '2018-01-23 20:43:45', 1, 0),
(111, 14, '2018-01-23 20:44:06', 3, 0),
(112, 6, '2018-01-23 20:43:45', 1, 0),
(112, 12, '2018-01-23 20:44:06', 3, 0),
(112, 15, '2018-01-23 20:43:55', 2, 0),
(113, 11, '2018-01-23 20:43:45', 1, 0),
(113, 15, '2018-01-23 20:43:55', 2, 0),
(114, 3, '2018-01-23 20:43:45', 1, 0),
(114, 10, '2018-01-23 20:44:06', 3, 0),
(114, 15, '2018-01-23 20:43:55', 2, 0),
(115, 11, '2018-01-23 20:43:55', 2, 0),
(115, 12, '2018-01-23 20:43:45', 1, 0),
(115, 14, '2018-01-23 20:44:06', 3, 0),
(116, 1, '2018-01-23 20:44:07', 3, 0),
(116, 13, '2018-01-23 20:43:55', 2, 0),
(116, 15, '2018-01-23 20:43:45', 1, 0),
(117, 6, '2018-01-23 20:44:07', 3, 0),
(117, 7, '2018-01-23 20:43:55', 2, 0),
(117, 14, '2018-01-23 20:43:45', 1, 0),
(118, 6, '2018-01-23 20:43:55', 2, 0),
(118, 8, '2018-01-23 20:43:45', 1, 0),
(118, 11, '2018-01-23 20:44:07', 3, 0),
(119, 6, '2018-01-23 20:43:45', 1, 0),
(119, 7, '2018-01-23 20:43:55', 2, 0),
(119, 10, '2018-01-23 20:44:07', 3, 0),
(120, 9, '2018-01-23 20:43:45', 1, 0),
(120, 11, '2018-01-23 20:44:07', 3, 0),
(121, 7, '2018-01-23 20:44:07', 3, 0),
(121, 15, '2018-01-23 20:43:56', 2, 0),
(122, 7, '2018-01-23 20:44:07', 3, 0),
(122, 9, '2018-01-23 20:43:45', 1, 0),
(123, 8, '2018-01-23 20:43:56', 2, 0),
(123, 9, '2018-01-23 20:43:45', 1, 0),
(123, 14, '2018-01-23 20:44:07', 3, 0),
(124, 6, '2018-01-23 20:43:56', 2, 0),
(124, 10, '2018-01-23 20:44:07', 3, 0),
(125, 4, '2018-01-23 20:43:56', 2, 0),
(125, 10, '2018-01-23 20:43:45', 1, 0),
(125, 11, '2018-01-23 20:44:07', 3, 0),
(126, 7, '2018-01-23 20:44:07', 3, 0),
(126, 10, '2018-01-23 20:43:56', 2, 0),
(126, 16, '2018-01-23 20:43:45', 1, 0),
(127, 7, '2018-01-23 20:44:07', 3, 0),
(127, 8, '2018-01-23 20:43:45', 1, 0),
(127, 11, '2018-01-23 20:43:56', 2, 0),
(128, 6, '2018-01-23 20:44:07', 3, 0),
(128, 7, '2018-01-23 20:43:45', 1, 0),
(128, 16, '2018-01-23 20:43:56', 2, 0),
(129, 1, '2018-01-23 20:44:07', 3, 0),
(129, 16, '2018-01-23 20:43:45', 1, 0),
(130, 3, '2018-01-23 20:43:56', 2, 0),
(130, 9, '2018-01-23 20:43:46', 1, 0),
(130, 13, '2018-01-23 20:44:07', 3, 0),
(131, 7, '2018-01-23 20:44:07', 3, 0),
(131, 8, '2018-01-23 20:43:56', 2, 0),
(132, 12, '2018-01-23 20:43:56', 2, 0),
(132, 13, '2018-01-23 20:43:46', 1, 0),
(132, 14, '2018-01-23 20:44:07', 3, 0),
(133, 13, '2018-01-23 20:43:46', 1, 0),
(133, 16, '2018-01-23 20:44:07', 3, 0),
(134, 11, '2018-01-23 20:43:56', 2, 0),
(134, 13, '2018-01-23 20:44:07', 3, 0),
(135, 3, '2018-01-23 20:43:56', 2, 0),
(135, 9, '2018-01-23 20:43:46', 1, 0),
(136, 10, '2018-01-23 20:43:56', 2, 0),
(136, 14, '2018-01-23 20:44:08', 3, 0),
(137, 1, '2018-01-23 20:43:46', 1, 0),
(137, 15, '2018-01-23 20:44:08', 3, 0),
(138, 7, '2018-01-23 20:43:46', 1, 0),
(138, 15, '2018-01-23 20:43:57', 2, 0),
(139, 3, '2018-01-23 20:43:57', 2, 0),
(139, 4, '2018-01-23 20:43:46', 1, 0),
(139, 12, '2018-01-23 20:44:08', 3, 0),
(140, 1, '2018-01-23 20:43:57', 2, 0),
(140, 10, '2018-01-23 20:43:46', 1, 0),
(140, 11, '2018-01-23 20:44:08', 3, 0),
(141, 13, '2018-01-23 20:44:08', 3, 0),
(141, 14, '2018-01-23 20:43:57', 2, 0),
(141, 15, '2018-01-23 20:43:46', 1, 0),
(142, 4, '2018-01-23 20:43:57', 2, 0),
(142, 12, '2018-01-23 20:44:08', 3, 0),
(142, 13, '2018-01-23 20:43:46', 1, 0),
(143, 1, '2018-01-23 20:43:57', 2, 0),
(143, 14, '2018-01-23 20:44:08', 3, 0),
(143, 16, '2018-01-23 20:43:46', 1, 0),
(144, 8, '2018-01-23 20:44:08', 3, 0),
(144, 11, '2018-01-23 20:43:46', 1, 0),
(144, 15, '2018-01-23 20:43:57', 2, 0),
(145, 8, '2018-01-23 20:44:08', 3, 0),
(145, 11, '2018-01-23 20:43:57', 2, 0),
(145, 14, '2018-01-23 20:43:46', 1, 0),
(146, 11, '2018-01-23 20:44:08', 3, 0),
(146, 16, '2018-01-23 20:43:57', 2, 0),
(147, 6, '2018-01-23 20:44:08', 3, 0),
(147, 11, '2018-01-23 20:43:57', 2, 0),
(147, 14, '2018-01-23 20:43:47', 1, 0),
(148, 7, '2018-01-23 20:43:47', 1, 0),
(148, 10, '2018-01-23 20:44:08', 3, 0),
(148, 11, '2018-01-23 20:43:57', 2, 0),
(149, 7, '2018-01-23 20:44:08', 3, 0),
(149, 14, '2018-01-23 20:43:47', 1, 0),
(149, 16, '2018-01-23 20:43:57', 2, 0),
(150, 11, '2018-01-23 20:43:57', 2, 0),
(150, 14, '2018-01-23 20:43:47', 1, 0),
(150, 15, '2018-01-23 20:44:08', 3, 0),
(151, 4, '2018-01-23 20:43:57', 2, 0),
(151, 9, '2018-01-23 20:43:47', 1, 0),
(151, 10, '2018-01-23 20:44:08', 3, 0),
(152, 7, '2018-01-23 20:43:57', 2, 0),
(152, 9, '2018-01-23 20:43:47', 1, 0),
(152, 11, '2018-01-23 20:44:08', 3, 0),
(153, 7, '2018-01-23 20:44:08', 3, 0),
(153, 12, '2018-01-23 20:43:47', 1, 0),
(153, 13, '2018-01-23 20:43:57', 2, 0),
(154, 4, '2018-01-23 20:44:08', 3, 0),
(154, 10, '2018-01-23 20:43:47', 1, 0),
(155, 8, '2018-01-23 20:43:47', 1, 0),
(155, 11, '2018-01-23 20:43:57', 2, 0),
(155, 15, '2018-01-23 20:44:09', 3, 0),
(156, 12, '2018-01-23 20:44:09', 3, 0),
(156, 15, '2018-01-23 20:43:47', 1, 0),
(156, 16, '2018-01-23 20:43:57', 2, 0),
(157, 8, '2018-01-23 20:43:47', 1, 0),
(157, 11, '2018-01-23 20:43:58', 2, 0),
(157, 13, '2018-01-23 20:44:09', 3, 0),
(158, 8, '2018-01-23 20:43:58', 2, 0),
(158, 10, '2018-01-23 20:43:47', 1, 0),
(158, 12, '2018-01-23 20:44:09', 3, 0),
(159, 1, '2018-01-23 20:43:47', 1, 0),
(159, 11, '2018-01-23 20:43:58', 2, 0),
(160, 3, '2018-01-23 20:43:58', 2, 0),
(160, 6, '2018-01-23 20:43:47', 1, 0),
(160, 12, '2018-01-23 20:44:09', 3, 0),
(161, 8, '2018-01-23 20:43:58', 2, 0),
(161, 9, '2018-01-23 20:44:09', 3, 0),
(161, 11, '2018-01-23 20:43:47', 1, 0),
(162, 4, '2018-01-23 20:43:47', 1, 0),
(162, 12, '2018-01-23 20:43:58', 2, 0),
(162, 16, '2018-01-23 20:44:09', 3, 0),
(163, 4, '2018-01-23 20:43:58', 2, 0),
(163, 15, '2018-01-23 20:43:47', 1, 0),
(164, 3, '2018-01-23 20:43:47', 1, 0),
(164, 11, '2018-01-23 20:44:09', 3, 0),
(164, 15, '2018-01-23 20:43:58', 2, 0),
(165, 4, '2018-01-23 20:43:47', 1, 0),
(165, 15, '2018-01-23 20:43:58', 2, 0),
(166, 7, '2018-01-23 20:43:47', 1, 0),
(166, 14, '2018-01-23 20:43:58', 2, 0),
(167, 6, '2018-01-23 20:44:09', 3, 0),
(167, 14, '2018-01-23 20:43:58', 2, 0),
(167, 16, '2018-01-23 20:43:48', 1, 0),
(168, 3, '2018-01-23 20:43:58', 2, 0),
(168, 7, '2018-01-23 20:44:09', 3, 0),
(168, 12, '2018-01-23 20:43:48', 1, 0),
(169, 6, '2018-01-23 20:43:48', 1, 0),
(169, 10, '2018-01-23 20:43:58', 2, 0),
(169, 15, '2018-01-23 20:44:09', 3, 0),
(170, 4, '2018-01-23 20:44:09', 3, 0),
(170, 7, '2018-01-23 20:43:58', 2, 0),
(170, 10, '2018-01-23 20:43:48', 1, 0),
(171, 9, '2018-01-23 20:43:58', 2, 0),
(171, 11, '2018-01-23 20:44:10', 3, 0),
(171, 14, '2018-01-23 20:43:48', 1, 0),
(172, 3, '2018-01-23 20:43:58', 2, 0),
(172, 11, '2018-01-23 20:43:48', 1, 0),
(172, 12, '2018-01-23 20:44:10', 3, 0),
(173, 3, '2018-01-23 20:44:10', 3, 0),
(173, 10, '2018-01-23 20:43:58', 2, 0),
(173, 13, '2018-01-23 20:43:48', 1, 0),
(174, 10, '2018-01-23 20:43:48', 1, 0),
(174, 11, '2018-01-23 20:44:10', 3, 0),
(174, 14, '2018-01-23 20:43:58', 2, 0),
(175, 7, '2018-01-23 20:43:58', 2, 0),
(175, 10, '2018-01-23 20:43:48', 1, 0),
(176, 6, '2018-01-23 20:43:48', 1, 0),
(176, 12, '2018-01-23 20:44:10', 3, 0),
(177, 3, '2018-01-23 20:43:48', 1, 0),
(177, 11, '2018-01-23 20:44:10', 3, 0),
(177, 15, '2018-01-23 20:43:59', 2, 0),
(178, 9, '2018-01-23 20:43:59', 2, 0),
(178, 14, '2018-01-23 20:43:48', 1, 0),
(178, 16, '2018-01-23 20:44:10', 3, 0),
(179, 6, '2018-01-23 20:43:48', 1, 0),
(179, 10, '2018-01-23 20:43:59', 2, 0),
(179, 16, '2018-01-23 20:44:10', 3, 0),
(180, 9, '2018-01-23 20:43:48', 1, 0),
(181, 1, '2018-01-23 20:44:10', 3, 0),
(181, 3, '2018-01-23 20:43:48', 1, 0),
(182, 3, '2018-01-23 20:43:48', 1, 0),
(182, 7, '2018-01-23 20:43:59', 2, 0),
(182, 15, '2018-01-23 20:44:10', 3, 0),
(183, 1, '2018-01-23 20:43:48', 1, 0),
(183, 9, '2018-01-23 20:43:59', 2, 0),
(183, 12, '2018-01-23 20:44:10', 3, 0),
(184, 1, '2018-01-23 20:44:10', 3, 0),
(184, 8, '2018-01-23 20:43:48', 1, 0),
(184, 16, '2018-01-23 20:43:59', 2, 0),
(185, 4, '2018-01-23 20:43:59', 2, 0),
(185, 7, '2018-01-23 20:43:48', 1, 0),
(185, 11, '2018-01-23 20:44:10', 3, 0),
(186, 7, '2018-01-23 20:43:59', 2, 0),
(186, 9, '2018-01-23 20:44:10', 3, 0),
(187, 4, '2018-01-23 20:43:49', 1, 0),
(187, 15, '2018-01-23 20:44:10', 3, 0),
(187, 16, '2018-01-23 20:44:00', 2, 0),
(188, 7, '2018-01-23 20:44:00', 2, 0),
(188, 9, '2018-01-23 20:43:49', 1, 0),
(188, 16, '2018-01-23 20:44:10', 3, 0),
(189, 1, '2018-01-23 20:44:00', 2, 0),
(189, 7, '2018-01-23 20:44:10', 3, 0),
(189, 16, '2018-01-23 20:43:49', 1, 0),
(190, 6, '2018-01-23 20:44:00', 2, 0),
(190, 8, '2018-01-23 20:43:49', 1, 0),
(190, 10, '2018-01-23 20:44:10', 3, 0),
(191, 7, '2018-01-23 20:44:00', 2, 0),
(191, 8, '2018-01-23 20:44:10', 3, 0),
(191, 13, '2018-01-23 20:43:49', 1, 0),
(192, 12, '2018-01-23 20:44:00', 2, 0),
(192, 15, '2018-01-23 20:44:11', 3, 0),
(192, 16, '2018-01-23 20:43:49', 1, 0),
(193, 10, '2018-01-23 20:44:00', 2, 0),
(193, 11, '2018-01-23 20:43:49', 1, 0),
(193, 16, '2018-01-23 20:44:11', 3, 0),
(194, 4, '2018-01-23 20:44:11', 3, 0),
(194, 12, '2018-01-23 20:44:00', 2, 0),
(194, 14, '2018-01-23 20:43:49', 1, 0),
(195, 4, '2018-01-23 20:44:00', 2, 0),
(195, 8, '2018-01-23 20:43:49', 1, 0),
(195, 15, '2018-01-23 20:44:11', 3, 0),
(196, 10, '2018-01-23 20:44:11', 3, 0),
(196, 14, '2018-01-23 20:43:49', 1, 0),
(196, 15, '2018-01-23 20:44:00', 2, 0),
(197, 4, '2018-01-23 20:44:00', 2, 0),
(197, 6, '2018-01-23 20:44:11', 3, 0),
(197, 11, '2018-01-23 20:43:49', 1, 0),
(198, 8, '2018-01-23 20:44:00', 2, 0),
(198, 12, '2018-01-23 20:44:11', 3, 0),
(198, 13, '2018-01-23 20:43:49', 1, 0),
(199, 3, '2018-01-23 20:44:00', 2, 0),
(199, 11, '2018-01-23 20:44:11', 3, 0),
(200, 1, '2018-01-23 20:44:11', 3, 0),
(200, 14, '2018-01-23 20:44:00', 2, 0),
(200, 16, '2018-01-23 20:43:49', 1, 0);

-- --------------------------------------------------------

--
-- Tabellenstruktur für Tabelle `user`
--

CREATE TABLE `user` (
  `userID` int(11) NOT NULL,
  `username` varchar(180) NOT NULL,
  `password` varchar(255) NOT NULL,
  `fname` varchar(180) DEFAULT NULL,
  `lname` varchar(180) DEFAULT NULL,
  `formOfAddress` varchar(190) DEFAULT NULL,
  `class` varchar(180) DEFAULT NULL,
  `role` varchar(45) NOT NULL DEFAULT 'USER',
  `ignored` tinyint(1) NOT NULL DEFAULT '0',
  `email` varchar(180) DEFAULT NULL,
  `email_verified` tinyint(1) NOT NULL DEFAULT '0',
  `last_login` timestamp NOT NULL DEFAULT CURRENT_TIMESTAMP ON UPDATE CURRENT_TIMESTAMP,
  `created_at` timestamp NOT NULL DEFAULT CURRENT_TIMESTAMP
) ENGINE=InnoDB DEFAULT CHARSET=utf8mb4;

--
-- Daten für Tabelle `user`
--

INSERT INTO `user` (`userID`, `username`, `password`, `fname`, `lname`, `formOfAddress`, `class`, `role`, `ignored`, `email`, `email_verified`, `last_login`, `created_at`) VALUES
(1, 'user1', '$2y$10$t5TjY31WCgQ7B3CinLh8vOwkbwzxtjfq6DmROcLy4t4zLqATniGhe', 'FnUser1', 'LnUser1', 'Frau', '7a', 'STUDENT', 0, '', 0, '0000-00-00 00:00:00', '0000-00-00 00:00:00'),
(2, 'user2', '$2y$10$IqYINV/2cmCyRETY1AzTHONr4KUKJX2Yy1eR1V856DWJogDoUVJZe', 'FnUser2', 'LnUser2', 'Herr', '', 'STUDENT', 0, '', 0, '2018-01-31 22:32:19', '0000-00-00 00:00:00'),
(12, 'auser12', '$2y$10$1.ZARF2n33edKpR9B/XkiOw8TZ4scVidAnmtebgY5GOh.44dVHyZq', 'FnUser12', 'LnUser12', 'Herr', '', 'STUDENT', 0, '', 0, '0000-00-00 00:00:00', '0000-00-00 00:00:00'),
(13, 'user13', '$2y$10$J1LM8eFJvQlH0yiDm1Omw.2vL1KboqlPa3hNbOeAVr9OwCV6qoCj6', 'FnUser13', 'LnUser13', 'Frau', '', 'STUDENT', 0, '', 0, '0000-00-00 00:00:00', '0000-00-00 00:00:00'),
(14, 'user14', '$2y$10$WEtygAZ5g9AI.eaQbyAwneb389oq.kMvBFbUOXFK3dxgPQqXEvSHm', 'FnUser14', 'LnUser14', 'Frau', '', 'STUDENT', 0, '', 0, '0000-00-00 00:00:00', '0000-00-00 00:00:00'),
(15, 'user15', '$2y$10$9GMyfxKFSCYGWt7PdqwUv.Hlfe.jietLhgLSZiogCLVUyuiM3mwkm', 'aFnUser15', 'aLnUser15', 'Herr', '', 'STUDENT', 0, '', 0, '0000-00-00 00:00:00', '0000-00-00 00:00:00'),
(16, 'user16', '$2y$10$hCr5VyIGPQEFBpb0WNSnculwR9Yl21AyMBP.BKi9MI/6ETwVTquiG', 'bFnUser16', 'ALnUser16', 'Frau', '', 'STUDENT', 0, '', 0, '0000-00-00 00:00:00', '0000-00-00 00:00:00'),
(17, 'user17', '$2y$10$q719seNTRc77Qcgu9SOcL.te1REPm2icmqizec9IOqr2/ekrIk6ci', 'FnUser17', 'LnUser17', 'Frau', '', 'STUDENT', 0, '', 0, '0000-00-00 00:00:00', '0000-00-00 00:00:00'),
(18, 'user18', '$2y$10$cdlRCUCkH.ar93Xoa/wdMuVPc1ZoAmx31JSBXbOLeRni2AQ.enRLC', 'FnUser18', 'LnUser18', 'Frau', '', 'STUDENT', 0, '', 0, '0000-00-00 00:00:00', '0000-00-00 00:00:00'),
(19, 'user19', '$2y$10$9GT6B0CjCcyMKATIA1Wp1eZt7IBkLIWCh49BeSaI2xw8Setwrd4KS', 'FnUser19', 'LnUser19', 'Herr', '', 'STUDENT', 0, '', 0, '0000-00-00 00:00:00', '0000-00-00 00:00:00'),
(20, 'user20', '$2y$10$og9TSU8dldMT3anHaSCh.uEzA97NmyjkCBzPo/rvUhzXFIMNKs/c.', 'FnUser20', 'LnUser20', 'Frau', '', 'STUDENT', 0, '', 0, '0000-00-00 00:00:00', '0000-00-00 00:00:00'),
(21, 'user21', '$2y$10$bOrzUpTkywc2tvichEvUI.1YUGC4F3ai.JsyIzGv0XMf1GhYOm08K', 'FnUser21', 'LnUser21', 'Herr', '', 'STUDENT', 0, '', 0, '0000-00-00 00:00:00', '0000-00-00 00:00:00'),
(22, 'user22', '$2y$10$8NFqdnLFSCW6vVrxWtsaKOC5Brer2n3xayHkwcmDgjq0GbYh5zp6W', 'FnUser22', 'LnUser22', 'Frau', '', 'STUDENT', 0, '', 0, '0000-00-00 00:00:00', '0000-00-00 00:00:00'),
(23, 'user23', '$2y$10$hAyMh8aur2hRrg50h4BVL..6nszjpKiEAK6ZeGE243BZXUunuTD52', 'FnUser23', 'LnUser23', 'Herr', '', 'STUDENT', 0, '', 0, '0000-00-00 00:00:00', '0000-00-00 00:00:00'),
(24, 'user24', '$2y$10$.qWK0zx6QHC01ekh/moAq.FjOHcDz.P2nEN33uHKHV1gYjlcOMjAi', 'FnUser24', 'LnUser24', 'Herr', '', 'STUDENT', 0, '', 0, '0000-00-00 00:00:00', '0000-00-00 00:00:00'),
(25, 'user25', '$2y$10$w0yi/XGE7NUbJ8EFN.UIHeMvuNPYNRsGAt2kJK8L.fS0mCD/eCDau', 'FnUser25', 'LnUser25', 'Frau', '', 'STUDENT', 0, '', 0, '0000-00-00 00:00:00', '0000-00-00 00:00:00'),
(26, 'user26', '$2y$10$pKfLLZ2KEqrAT002lQzIbuJXPJLm5Fr3UWiXzuqAIfsLX69crCUM6', 'FnUser26', 'LnUser26', 'Herr', '', 'STUDENT', 0, '', 0, '0000-00-00 00:00:00', '0000-00-00 00:00:00'),
(27, 'user27', '$2y$10$AHzWMVuWsUtSl6QIEe4dOeMRUOd4Gf0kwKbsDtos3PFC5XuqdA1Wm', 'FnUser27', 'LnUser27', 'Frau', '', 'STUDENT', 0, '', 0, '0000-00-00 00:00:00', '0000-00-00 00:00:00'),
(28, 'user28', '$2y$10$VV3l7FbA/8ytrP1lsQsc3.QE6uenif1fKQX..Lz8P8XH.yRe/Eq5y', 'FnUser28', 'LnUser28', 'Frau', '', 'STUDENT', 0, '', 0, '0000-00-00 00:00:00', '0000-00-00 00:00:00'),
(29, 'user29', '$2y$10$xjFhAMRcI0tkMoUjK4ahBOXMHli76B6jfvI/6Wf85ZzsScgL71jIW', 'FnUser29', 'LnUser29', 'Herr', '', 'STUDENT', 0, '', 0, '0000-00-00 00:00:00', '0000-00-00 00:00:00'),
(30, 'user30', '$2y$10$4JtTihVd.r5Q2LpBpjZBBukjQqP8aBwetOUWOCoVQFoCVKGVMml8W', 'FnUser30', 'LnUser30', 'Frau', '', 'STUDENT', 0, '', 0, '0000-00-00 00:00:00', '0000-00-00 00:00:00'),
(31, 'user31', '$2y$10$u.yTb236qtNyuvb1sQadFeBkRABs8XrLrnDAg4HEDWFVEQNn0oTpC', 'FnUser31', 'LnUser31', 'Frau', '', 'STUDENT', 0, '', 0, '0000-00-00 00:00:00', '0000-00-00 00:00:00'),
(32, 'user32', '$2y$10$p6ryy0fQl2kRyBFHJnrwbehbq1kY.rbhA2OG9dl9n8SLYeAy8b7jq', 'FnUser32', 'LnUser32', 'Frau', '', 'STUDENT', 0, '', 0, '0000-00-00 00:00:00', '0000-00-00 00:00:00'),
(33, 'user33', '$2y$10$JAufjSBM.YotvlylOFZE5.ZMbIVwUa4xhRE2Cw6/gICX5RUDqeQRi', 'FnUser33', 'LnUser33', 'Frau', '', 'STUDENT', 0, '', 0, '0000-00-00 00:00:00', '0000-00-00 00:00:00'),
(34, 'user34', '$2y$10$rZU8KQQsqBQkrpNoD1b/eOxc67VOkenoDwFF8TW3dHJ4qGLKMkKT.', 'FnUser34', 'LnUser34', 'Herr', '', 'STUDENT', 0, '', 0, '0000-00-00 00:00:00', '0000-00-00 00:00:00'),
(35, 'user35', '$2y$10$mirD0s.dogeQzXf/CEJj4u85hHU/.3THxr4aP9Q/9YqpNdeeqb.3K', 'FnUser35', 'LnUser35', 'Frau', '', 'STUDENT', 0, '', 0, '0000-00-00 00:00:00', '0000-00-00 00:00:00'),
(36, 'user36', '$2y$10$G7qT8/wO2ngdOn.RIzO7rujAdMWYT1Pdwx2is8M26Dc4OOB.AxG6u', 'FnUser36', 'LnUser36', 'Frau', '', 'STUDENT', 0, '', 0, '0000-00-00 00:00:00', '0000-00-00 00:00:00'),
(37, 'user37', '$2y$10$919U0vsh.3uNeXlqXcLGUOhJG24ybZh5se5jPRXeyrbGegv4DenpC', 'FnUser37', 'LnUser37', 'Frau', '', 'STUDENT', 0, '', 0, '0000-00-00 00:00:00', '0000-00-00 00:00:00'),
(38, 'user38', '$2y$10$w.rUdrb5oLPmSmUTWrE0a.H6m74N55S90iwobn9qOhIRnJALXydh6', 'FnUser38', 'LnUser38', 'Frau', '', 'STUDENT', 0, '', 0, '0000-00-00 00:00:00', '0000-00-00 00:00:00'),
(39, 'user39', '$2y$10$kcC2t.e5.P5NTFSSUWqW.eXNOXc3V9Lj.m24Lt7H4LKmjd5cd5jaq', 'FnUser39', 'LnUser39', 'Herr', '', 'STUDENT', 0, '', 0, '0000-00-00 00:00:00', '0000-00-00 00:00:00'),
(40, 'user40', '$2y$10$dh6loJq/DdoRt8AMFABBQ.cOZ8lZuNeUNf9k2G3PvKsgIM5K6Bh7e', 'FnUser40', 'LnUser40', 'Frau', '', 'STUDENT', 0, '', 0, '0000-00-00 00:00:00', '0000-00-00 00:00:00'),
(41, 'user41', '$2y$10$kYbujp9DHraooKXnwySkI.t.j7trumS5VoQG/3Lrnzla3.U/NGe0.', 'FnUser41', 'LnUser41', 'Herr', '', 'STUDENT', 0, '', 0, '0000-00-00 00:00:00', '0000-00-00 00:00:00'),
(42, 'user42', '$2y$10$UwEXUMbmm1tC2JzQNe9PqOoY.aYc17nCtWU.1yIdbQE7WOTtDH1vO', 'FnUser42', 'LnUser42', 'Herr', '', 'STUDENT', 0, '', 0, '0000-00-00 00:00:00', '0000-00-00 00:00:00'),
(43, 'user43', '$2y$10$ZkYO7aOquff70fBbRyRkCO7rsr31kN2zv8c57Id16Z2Ml5hsQlTVy', 'FnUser43', 'LnUser43', 'Frau', '', 'STUDENT', 0, '', 0, '0000-00-00 00:00:00', '0000-00-00 00:00:00'),
(44, 'user44', '$2y$10$OcKA7S/vJK.oQAMUTwz5mu1ZM2ftK8emJReZY4V9UVL6Rbrjg8JAW', 'FnUser44', 'LnUser44', 'Herr', '', 'STUDENT', 0, '', 0, '0000-00-00 00:00:00', '0000-00-00 00:00:00'),
(45, 'user45', '$2y$10$hXPmny7uSiC99oWOCl/p.O37VKcE/VbPfC//yZV3/aqJI1d/cFBNe', 'FnUser45', 'LnUser45', 'Herr', '', 'STUDENT', 0, '', 0, '0000-00-00 00:00:00', '0000-00-00 00:00:00'),
(46, 'user46', '$2y$10$DqmlkmjoyE9Q.9LhqG8DWO5FwIf0X3MxzAV8JwMQxgj8dzmHHUKmm', 'FnUser46', 'LnUser46', 'Herr', '', 'STUDENT', 0, '', 0, '0000-00-00 00:00:00', '0000-00-00 00:00:00'),
(47, 'user47', '$2y$10$emT/VghbV2MU9tq.JAfMUuNJ/L.9RZRjgainylw0UBsH6LvkYiMw2', 'FnUser47', 'LnUser47', 'Frau', '', 'STUDENT', 0, '', 0, '0000-00-00 00:00:00', '0000-00-00 00:00:00'),
(48, 'user48', '$2y$10$kOT2Hr6xQvTH9gqiJokpL.JG9rLiU2CxyaOjCOsGokBL7W/pxcymK', 'FnUser48', 'LnUser48', 'Herr', '', 'STUDENT', 0, '', 0, '0000-00-00 00:00:00', '0000-00-00 00:00:00'),
(49, 'user49', '$2y$10$5TXD1JxKBMBV0kkQ3jocnOv1NM5j4zOvMgtKchFdHCkOzCs/j28.G', 'FnUser49', 'LnUser49', 'Herr', '', 'STUDENT', 0, '', 0, '0000-00-00 00:00:00', '0000-00-00 00:00:00'),
(50, 'user50', '$2y$10$g3K/x8xC9c5QH86dP5f0OOYljID2FbfL6nfFbvcmYsDRUcJ0YXRlu', 'FnUser50', 'LnUser50', 'Herr', '', 'STUDENT', 0, '', 0, '0000-00-00 00:00:00', '0000-00-00 00:00:00'),
(51, 'user51', '$2y$10$i5rC8kMt1aKa.gJWOTJ97e5yJjV/jyl0.LIt9QJHqemQK/Bti9LX2', 'FnUser51', 'LnUser51', 'Frau', '', 'STUDENT', 0, '', 0, '0000-00-00 00:00:00', '0000-00-00 00:00:00'),
(52, 'user52', '$2y$10$ybQYcIuD7M4tb1qf05459uB.Y.zaptnc1G0eArKpvILUks5c8kImG', 'FnUser52', 'LnUser52', 'Frau', '', 'STUDENT', 0, '', 0, '0000-00-00 00:00:00', '0000-00-00 00:00:00'),
(53, 'user53', '$2y$10$JZTsQ2.ADcCbfzmtEjzGSuoLLk7xr6mgaqGn5/M9kBU4vmbw8gdBm', 'FnUser53', 'LnUser53', 'Frau', '', 'STUDENT', 0, '', 0, '0000-00-00 00:00:00', '0000-00-00 00:00:00'),
(54, 'user54', '$2y$10$0V/CqJJC5lrM1ummHq68xuUOZ0.g7yf.sqHy7sTfFJXT8KNsaDOVC', 'FnUser54', 'LnUser54', 'Herr', '', 'STUDENT', 0, '', 0, '0000-00-00 00:00:00', '0000-00-00 00:00:00'),
(55, 'user55', '$2y$10$lH3c.LWfFhOAosQqPx2asuFwCnoidJFl9.88BNfiVKOdUG.b0oN2K', 'FnUser55', 'LnUser55', 'Herr', '', 'STUDENT', 0, '', 0, '0000-00-00 00:00:00', '0000-00-00 00:00:00'),
(56, 'user56', '$2y$10$Qr0aZs1ulYjeUaE5HJEi8upGY/BJjV226.fiMRcYW2/SK9XKFocCq', 'FnUser56', 'LnUser56', 'Herr', '', 'STUDENT', 0, '', 0, '0000-00-00 00:00:00', '0000-00-00 00:00:00'),
(57, 'user57', '$2y$10$xjzfIWveRgfqMlL/pHXOBOoOnMGHOpOsEBy..hDLPsUr3PHrNSS/u', 'FnUser57', 'LnUser57', 'Frau', '', 'STUDENT', 0, '', 0, '0000-00-00 00:00:00', '0000-00-00 00:00:00'),
(58, 'user58', '$2y$10$Q6R1eOFk4vwVc2jDrHCt8enbdxrRsFMG4TjKErvLsW/Fe2dliWHGS', 'FnUser58', 'LnUser58', 'Frau', '', 'STUDENT', 0, '', 0, '0000-00-00 00:00:00', '0000-00-00 00:00:00'),
(59, 'user59', '$2y$10$9CyqmHjOzfAvLszJ7LXOdeQbU8x.zlNGNGt3jqo.YPPNSh3.gL91e', 'FnUser59', 'LnUser59', 'Frau', '', 'STUDENT', 0, '', 0, '0000-00-00 00:00:00', '0000-00-00 00:00:00'),
(60, 'user60', '$2y$10$twYXEty4clNu.vrfuXXMUOrXqpVqXaYsKFXUjkNQZNzoDaeDpHFSC', 'FnUser60', 'LnUser60', 'Herr', '', 'STUDENT', 0, '', 0, '0000-00-00 00:00:00', '0000-00-00 00:00:00'),
(61, 'user61', '$2y$10$BUKHWzC1CHOrA6LBTkVro.quhAzvzC4ADrYMfHPFLZPy5xlUXiaf2', 'FnUser61', 'LnUser61', 'Frau', '', 'STUDENT', 0, '', 0, '0000-00-00 00:00:00', '0000-00-00 00:00:00'),
(62, 'user62', '$2y$10$39TA3/NW.FdNxWil4j7v1ezGsEfvhmu2uTA99Cn2clJnl8jFJB5Ji', 'FnUser62', 'LnUser62', 'Frau', '', 'STUDENT', 0, '', 0, '0000-00-00 00:00:00', '0000-00-00 00:00:00'),
(63, 'user63', '$2y$10$92hjV/eFv.XXAdl263ZSDe9w9eiJLew6NPVhWCQUCLoIYJhYGlvxG', 'FnUser63', 'LnUser63', 'Herr', '', 'STUDENT', 0, '', 0, '0000-00-00 00:00:00', '0000-00-00 00:00:00'),
(64, 'user64', '$2y$10$ttM9kABaWzmC6Az9Ue112uxO4VJ1TeTsyfUCLHnYSxzKunl9uZV..', 'FnUser64', 'LnUser64', 'Herr', '', 'STUDENT', 0, '', 0, '0000-00-00 00:00:00', '0000-00-00 00:00:00'),
(65, 'user65', '$2y$10$UyUbte23DZCn7hC0rrZzLO0uaPAf1BeoLxJrhpYMOZjdKpJi/Yi/i', 'FnUser65', 'LnUser65', 'Frau', '', 'STUDENT', 0, '', 0, '0000-00-00 00:00:00', '0000-00-00 00:00:00'),
(66, 'user66', '$2y$10$XnyCXcX.jKQAM6V6eSyDQOvoepqeL3JEUYNKCkPCpvwQB3HPvevwS', 'FnUser66', 'LnUser66', 'Frau', '', 'STUDENT', 0, '', 0, '0000-00-00 00:00:00', '0000-00-00 00:00:00'),
(67, 'user67', '$2y$10$V/yQ/BHZUwq62MHLsoE/2.8pm8FTtkbYPsWjj1MU6tUrFVCv7y0dm', 'FnUser67', 'LnUser67', 'Herr', '', 'STUDENT', 0, '', 0, '0000-00-00 00:00:00', '0000-00-00 00:00:00'),
(68, 'user68', '$2y$10$5TCyeQKPxBrySjqZ2IW1b.ym9YyMlXl2YsSaWB.8YG8Wht7KCDrF.', 'FnUser68', 'LnUser68', 'Herr', '', 'STUDENT', 0, '', 0, '0000-00-00 00:00:00', '0000-00-00 00:00:00'),
(69, 'user69', '$2y$10$9W3NR6EniVhdTuy5toEdr.J9CWi9QTsDMSWkbFJ2o0X110KLJeZzm', 'FnUser69', 'LnUser69', 'Frau', '', 'STUDENT', 0, '', 0, '0000-00-00 00:00:00', '0000-00-00 00:00:00'),
(70, 'user70', '$2y$10$n72O8X8.y6vhp230Yf6Q8O.na60SOHuPNFpUqfo5Sks/C1sNIJA3a', 'FnUser70', 'LnUser70', 'Frau', '', 'STUDENT', 0, '', 0, '0000-00-00 00:00:00', '0000-00-00 00:00:00'),
(71, 'user71', '$2y$10$gk5vUVhDDjRlqz9buAuGhOacttP4QdRmY1wPBAsgAUD9KP7rjKKPC', 'FnUser71', 'LnUser71', 'Frau', '', 'STUDENT', 0, '', 0, '0000-00-00 00:00:00', '0000-00-00 00:00:00'),
(72, 'user72', '$2y$10$duyJt6gczf7F7vJbXO.HuuYEl4SEbSjdYx9qsnR1Sqt3DXkhpR6S2', 'FnUser72', 'LnUser72', 'Frau', '', 'STUDENT', 0, '', 0, '0000-00-00 00:00:00', '0000-00-00 00:00:00'),
(73, 'user73', '$2y$10$WaUzbHmrumP/6wAGaQzaPeuh0KVJ0Q56hUP0C5K.SAu1Kwv8shGeK', 'FnUser73', 'LnUser73', 'Herr', '', 'STUDENT', 0, '', 0, '0000-00-00 00:00:00', '0000-00-00 00:00:00'),
(74, 'user74', '$2y$10$8.dXvTWgw8xlOmKTVVBEoeIZ1C18Vucv9LKy5uWi7wzMcUr5Rwbcy', 'FnUser74', 'LnUser74', 'Herr', '', 'STUDENT', 0, '', 0, '0000-00-00 00:00:00', '0000-00-00 00:00:00'),
(75, 'user75', '$2y$10$aiADxVBcouiUtSNuw8thhODyVLwWTgKNKCEYADEtGwr5SaYJEOdCy', 'FnUser75', 'LnUser75', 'Frau', '', 'STUDENT', 0, '', 0, '0000-00-00 00:00:00', '0000-00-00 00:00:00'),
(76, 'user76', '$2y$10$ZN3A9ed3NTwCOWJC6k0dLudOQEeVtEb/q7Jz5lk09mp/FaH4V4CGW', 'FnUser76', 'LnUser76', 'Frau', '', 'STUDENT', 0, '', 0, '0000-00-00 00:00:00', '0000-00-00 00:00:00'),
(77, 'user77', '$2y$10$js0SryzBtmEXxLHRIESlTeAp3s8UFyySaKtqkHMRFzWmP0ASyGajW', 'FnUser77', 'LnUser77', 'Herr', '', 'STUDENT', 0, '', 0, '0000-00-00 00:00:00', '0000-00-00 00:00:00'),
(78, 'user78', '$2y$10$u03FVNWYrmT.6EpxVOZWjeVkIlZqAMIXyIyDvLm7zlgD9UEEUKyH2', 'FnUser78', 'LnUser78', 'Herr', '', 'STUDENT', 0, '', 0, '0000-00-00 00:00:00', '0000-00-00 00:00:00'),
(79, 'user79', '$2y$10$6xN0Hx1I4wsgrBBIde2DF.OcdhbBcIyVkZl6w2bGFeh3qmFhU9F.e', 'FnUser79', 'LnUser79', 'Herr', '', 'STUDENT', 0, '', 0, '0000-00-00 00:00:00', '0000-00-00 00:00:00'),
(80, 'user80', '$2y$10$kUV52AgyX9b6iO8gyoDO9.DmaVhuvihZzReBtqSUgk21RgsXXQtjm', 'FnUser80', 'LnUser80', 'Frau', '', 'STUDENT', 0, '', 0, '0000-00-00 00:00:00', '0000-00-00 00:00:00'),
(81, 'user81', '$2y$10$QxuxFLZWAoR8g9Z85Nbs2uVXIOfpukw4.QfIj7uwIpYMAENq13C8a', 'FnUser81', 'LnUser81', 'Frau', '', 'STUDENT', 0, '', 0, '0000-00-00 00:00:00', '0000-00-00 00:00:00'),
(82, 'user82', '$2y$10$fDFrTtl.umzrFZP.JTHgFuRmE6S/og2TCOcIy5Q26uaeOgUlMIhBe', 'FnUser82', 'LnUser82', 'Frau', '', 'STUDENT', 0, '', 0, '0000-00-00 00:00:00', '0000-00-00 00:00:00'),
(83, 'user83', '$2y$10$eyw4.hk6hM.uYAfBqbLq.OG0GO8egjS/kBvDz24pd6ZwAPjm2kwuG', 'FnUser83', 'LnUser83', 'Frau', '', 'STUDENT', 0, '', 0, '0000-00-00 00:00:00', '0000-00-00 00:00:00'),
(84, 'user84', '$2y$10$YiEm/bZWbdt425aDTKhPseqnEU7LmSVq5paX2jl.ZsFYm7VJcrdF.', 'FnUser84', 'LnUser84', 'Frau', '', 'STUDENT', 0, '', 0, '0000-00-00 00:00:00', '0000-00-00 00:00:00'),
(85, 'user85', '$2y$10$WmnLgm1mI6JCqytoPJNg7.yYF2FAxyAMwNOr.QxyHH5nqj2MGQHpS', 'FnUser85', 'LnUser85', 'Herr', '', 'STUDENT', 0, '', 0, '0000-00-00 00:00:00', '0000-00-00 00:00:00'),
(86, 'user86', '$2y$10$GN5FICwpYmtcnPpMGb6One52nuv1aAjaN6vxrpc8KPFaG3FYLzfr2', 'FnUser86', 'LnUser86', 'Frau', '', 'STUDENT', 0, '', 0, '0000-00-00 00:00:00', '0000-00-00 00:00:00'),
(87, 'user87', '$2y$10$5JQ0oyZEe9JEoECsEojqHuYY6XjdW06EDXvOoF2D3/YA1saX9m1im', 'FnUser87', 'LnUser87', 'Herr', '', 'STUDENT', 0, '', 0, '0000-00-00 00:00:00', '0000-00-00 00:00:00'),
(88, 'user88', '$2y$10$h9FcdoBQGkr3s3pIT.UVAOJkHDP4mUtaf3G4CZYgm2QvZjeJ/ENb2', 'FnUser88', 'LnUser88', 'Frau', '', 'STUDENT', 0, '', 0, '0000-00-00 00:00:00', '0000-00-00 00:00:00'),
(89, 'user89', '$2y$10$msLHl4rduLieoBieNjQyrOA0/tI/cb2YK6hV09ENBGiTDZfIpW9T6', 'FnUser89', 'LnUser89', 'Herr', '', 'STUDENT', 0, '', 0, '0000-00-00 00:00:00', '0000-00-00 00:00:00'),
(90, 'user90', '$2y$10$5eg.Iy/ELfG3B83dp6Yuauh2hZUQxlwsXw62uBvbu/oWOel7lW.Um', 'FnUser90', 'LnUser90', 'Frau', '', 'STUDENT', 0, '', 0, '0000-00-00 00:00:00', '0000-00-00 00:00:00'),
(91, 'user91', '$2y$10$HAFUA07YNatzqtRTk7RSQOek0qTBOahB4RtTjdK.qAt3RJNWbVtY.', 'FnUser91', 'LnUser91', 'Herr', '', 'STUDENT', 0, '', 0, '0000-00-00 00:00:00', '0000-00-00 00:00:00'),
(92, 'user92', '$2y$10$I0Btl1C0NxM3aCsrdBSLuOhy2xPoNOs4m5UMkFBwZ/PmW/a29Wowm', 'FnUser92', 'LnUser92', 'Herr', '', 'STUDENT', 0, '', 0, '0000-00-00 00:00:00', '0000-00-00 00:00:00'),
(93, 'user93', '$2y$10$24nGrbH.9y2wSqu5adFpSOP3kgBLCozV8BHDJPAGRzHCbR9qxzTd2', 'FnUser93', 'LnUser93', 'Herr', '', 'STUDENT', 0, '', 0, '0000-00-00 00:00:00', '0000-00-00 00:00:00'),
(94, 'user94', '$2y$10$JAmfhLW2VuW.SA7o1bLVHO7YMxytWqTwKO6gXTOxfZlh6.sZ8hRW2', 'FnUser94', 'LnUser94', 'Herr', '', 'STUDENT', 0, '', 0, '0000-00-00 00:00:00', '0000-00-00 00:00:00'),
(95, 'user95', '$2y$10$Aa/w.UT77eiurqpBM/2AMu1hMtMi6DALN7lqUnFknrc4CfTkmOTPe', 'FnUser95', 'LnUser95', 'Frau', '', 'STUDENT', 0, '', 0, '0000-00-00 00:00:00', '0000-00-00 00:00:00'),
(96, 'user96', '$2y$10$mtmM7AlCT2MuetwAP8GzHu6GqjumWiRjrU2XswZ3txzge8oqorUdO', 'FnUser96', 'LnUser96', 'Frau', '', 'STUDENT', 0, '', 0, '0000-00-00 00:00:00', '0000-00-00 00:00:00'),
(97, 'user97', '$2y$10$wfNKNItHme68tmUrd02f7u8RsUgzRzntp7gafQksZ/imoTqpm16Xm', 'FnUser97', 'LnUser97', 'Herr', '', 'STUDENT', 0, '', 0, '0000-00-00 00:00:00', '0000-00-00 00:00:00'),
(98, 'user98', '$2y$10$cKSnCoJak53O3rHHLDakd.pT/W7WqQAZA5KUEjOP7rteSbQdigMJ.', 'FnUser98', 'LnUser98', 'Herr', '', 'STUDENT', 0, '', 0, '0000-00-00 00:00:00', '0000-00-00 00:00:00'),
(99, 'user99', '$2y$10$QjxMz2NENhcc.bbj8sc.a.kkA6.yJIzcA28wSKyMWUWb2uULs5mt.', 'FnUser99', 'LnUser99', 'Herr', '', 'STUDENT', 0, '', 0, '2018-01-25 21:28:21', '0000-00-00 00:00:00'),
(100, 'user100', '$2y$10$dpYTk53e.sCGHm.yrJr5zexcIEGjhbWCnvKytGtZAJuhByWjk01Ge', 'FnUser100', 'LnUser100', 'Frau', '', 'STUDENT', 0, '', 0, '0000-00-00 00:00:00', '0000-00-00 00:00:00'),
(101, 'user101', '$2y$10$EK9CxfBMjuU3OuEtl80mCOu8k8macQYkY4cyR9OsomG5sPY1FB2O2', 'FnUser101', 'LnUser101', 'Herr', '', 'STUDENT', 0, '', 0, '0000-00-00 00:00:00', '0000-00-00 00:00:00'),
(102, 'user102', '$2y$10$ePbz5V/WQg/JtIhdf4W21emvrRQNtrub26KO5K4MgziWbkzY9USY2', 'FnUser102', 'LnUser102', 'Herr', '', 'STUDENT', 0, '', 0, '0000-00-00 00:00:00', '0000-00-00 00:00:00'),
(103, 'user103', '$2y$10$OIGw496/mzp4I3Sx8NzhmOhEILNdiBKAkPUr9zNzE6BmmSTHd4pHu', 'FnUser103', 'LnUser103', 'Herr', '', 'STUDENT', 0, '', 0, '0000-00-00 00:00:00', '0000-00-00 00:00:00'),
(104, 'user104', '$2y$10$R0qyaAm3t3Fwo524dUUmFu6ZRtWsrC67QZ5xfk0hI4Fdi0A7O7Xeq', 'FnUser104', 'LnUser104', 'Herr', '', 'STUDENT', 0, '', 0, '0000-00-00 00:00:00', '0000-00-00 00:00:00'),
(105, 'user105', '$2y$10$9NcRW8M/1gjXLNiP5y9.zeSytLIFbNJYc1QQIF7xwZuw1JaOsiQqG', 'FnUser105', 'LnUser105', 'Herr', '', 'STUDENT', 0, '', 0, '0000-00-00 00:00:00', '0000-00-00 00:00:00'),
(106, 'user106', '$2y$10$p6lT1Zc2uN49CxNlc./D4e5NEMnpPmGxracKzdi7vJavHxyVU7kTu', 'FnUser106', 'LnUser106', 'Herr', '', 'STUDENT', 0, '', 0, '0000-00-00 00:00:00', '0000-00-00 00:00:00'),
(107, 'user107', '$2y$10$wuWqMHehHrNv2hEbIYUV8ebebcxwzaR56aWgdUFIJKgREWcyEKtlW', 'FnUser107', 'LnUser107', 'Frau', '', 'STUDENT', 0, '', 0, '0000-00-00 00:00:00', '0000-00-00 00:00:00'),
(108, 'user108', '$2y$10$1PF.gHwXIB05GG9ojnam.eAggwjDvhPY/DxX5zdo7VXXkS91z8QrS', 'FnUser108', 'LnUser108', 'Herr', '', 'STUDENT', 0, '', 0, '0000-00-00 00:00:00', '0000-00-00 00:00:00'),
(109, 'user109', '$2y$10$fD.iB.UiDJuIOr.dPWGwMuA/9Kc9cTXXYHEMSkqhkvPzsmscVFLEC', 'FnUser109', 'LnUser109', 'Frau', '', 'STUDENT', 0, '', 0, '0000-00-00 00:00:00', '0000-00-00 00:00:00'),
(110, 'user110', '$2y$10$sWuBUQLTImQdgPje4CEb/.NpLKYj09ZQX3DOdEAOpC/6L6LKBZSpy', 'FnUser110', 'LnUser110', 'Herr', '', 'STUDENT', 0, '', 0, '0000-00-00 00:00:00', '0000-00-00 00:00:00'),
(111, 'user111', '$2y$10$QfDLie1I83Wk3E7vmQi8huqvTY.zY7ZhrnYtHgcj5.sJSnGOh3OxO', 'FnUser111', 'LnUser111', 'Herr', '', 'STUDENT', 0, '', 0, '0000-00-00 00:00:00', '0000-00-00 00:00:00'),
(112, 'user112', '$2y$10$7T0qa97x3ZOR4AuP36FjfOra/VcaTt9VfowviyMYpW3wsRt7joYzO', 'FnUser112', 'LnUser112', 'Frau', '', 'STUDENT', 0, '', 0, '0000-00-00 00:00:00', '0000-00-00 00:00:00'),
(113, 'user113', '$2y$10$zyriNTd3ZDtDfzwZFrV0EezMujkx1/w6bcPRjDrmKahV0laAjaClK', 'FnUser113', 'LnUser113', 'Frau', '', 'STUDENT', 0, '', 0, '0000-00-00 00:00:00', '0000-00-00 00:00:00'),
(114, 'user114', '$2y$10$QPcSQ6FzUei86xIHSHco7OP9WsVjOu5XoZPZcC.TonjL6UBX05J72', 'FnUser114', 'LnUser114', 'Herr', '', 'STUDENT', 0, '', 0, '0000-00-00 00:00:00', '0000-00-00 00:00:00'),
(115, 'user115', '$2y$10$RtWO9XGgCKhwH2BtBSIjkOo.wRKNIaij0sQmn5MWYE9Ai/GOu7GDu', 'FnUser115', 'LnUser115', 'Herr', '', 'STUDENT', 0, '', 0, '0000-00-00 00:00:00', '0000-00-00 00:00:00'),
(116, 'user116', '$2y$10$cUwcHQCnAzmkWHXBg1N82OS9YpdTrT9b/eFzZyJxbVOm3wBXOrNqm', 'FnUser116', 'LnUser116', 'Herr', '', 'STUDENT', 0, '', 0, '0000-00-00 00:00:00', '0000-00-00 00:00:00'),
(117, 'user117', '$2y$10$8U2P.OeToDy.fg7FWljbHO.fSPA11bPLFS48H./OIQDzg6hB1WjCW', 'FnUser117', 'LnUser117', 'Frau', '', 'STUDENT', 0, '', 0, '0000-00-00 00:00:00', '0000-00-00 00:00:00'),
(118, 'user118', '$2y$10$FZalM7sAnpMNm5urlPHdLOeQ6hVrA5/mo6MvBlVl4E6NqnwxbZWGi', 'FnUser118', 'LnUser118', 'Frau', '', 'STUDENT', 0, '', 0, '0000-00-00 00:00:00', '0000-00-00 00:00:00'),
(119, 'user119', '$2y$10$8mDUAT.3Sabc.d1/sH1uBOl/o3nTlvPl4XO4YEJzKMtckUEtSdibi', 'FnUser119', 'LnUser119', 'Frau', '', 'STUDENT', 0, '', 0, '0000-00-00 00:00:00', '0000-00-00 00:00:00'),
(120, 'user120', '$2y$10$0K8DBZHAObQEwA.bM5De9es0qsfH9Y53AxFPPffx6sJGwjMLTJ2oa', 'FnUser120', 'LnUser120', 'Frau', '', 'STUDENT', 0, '', 0, '0000-00-00 00:00:00', '0000-00-00 00:00:00'),
(121, 'user121', '$2y$10$5OMNj47FmXdOSdTC9u.hdeDiACPktS1emjPCIO03wLctnYylpBMWm', 'FnUser121', 'LnUser121', 'Frau', '', 'STUDENT', 0, '', 0, '0000-00-00 00:00:00', '0000-00-00 00:00:00'),
(122, 'user122', '$2y$10$DSriP8qabpWugpEKGRJ9yueDZl0tCbr9ZKA0qKJ/arxfhrQCwiffC', 'FnUser122', 'LnUser122', 'Herr', '', 'STUDENT', 0, '', 0, '0000-00-00 00:00:00', '0000-00-00 00:00:00'),
(123, 'user123', '$2y$10$AigDRgTTjxdi1pkP0R6d9eSZH5HTKK3Kzlm9BauVfv3K7GuMBl1M2', 'FnUser123', 'LnUser123', 'Herr', '', 'STUDENT', 0, '', 0, '0000-00-00 00:00:00', '0000-00-00 00:00:00'),
(124, 'user124', '$2y$10$2UUv0Bmqyu31i.aJOxl2Qec5WFb0/nHyNehdVFHigikwGYEIsz9oW', 'FnUser124', 'LnUser124', 'Herr', '', 'STUDENT', 0, '', 0, '0000-00-00 00:00:00', '0000-00-00 00:00:00'),
(125, 'user125', '$2y$10$3HW0HeixdA9oEQP5.M.VCeyE8k2/KP.Oo17S8zRNcewoy5ycuv416', 'FnUser125', 'LnUser125', 'Herr', '', 'STUDENT', 0, '', 0, '0000-00-00 00:00:00', '0000-00-00 00:00:00'),
(126, 'user126', '$2y$10$13JGGpp0OvxSoC7Mi.Lmzucg/sHOUcXR6tQyw7sVykO4286WsADwG', 'FnUser126', 'LnUser126', 'Frau', '', 'STUDENT', 0, '', 0, '0000-00-00 00:00:00', '0000-00-00 00:00:00'),
(127, 'user127', '$2y$10$x4VIyBWcv7cVuxsDzPpLX.6Usg2DswdlCBl6P5mWxYCryH8dSDjXG', 'FnUser127', 'LnUser127', 'Frau', '', 'STUDENT', 0, '', 0, '0000-00-00 00:00:00', '0000-00-00 00:00:00'),
(128, 'user128', '$2y$10$1o.LiJrU5SjK/tIF8s2ZmeVw4SnVkohg4JqYgV9oUrzr0zvhHTYa6', 'FnUser128', 'LnUser128', 'Frau', '', 'STUDENT', 0, '', 0, '0000-00-00 00:00:00', '0000-00-00 00:00:00'),
(129, 'user129', '$2y$10$aH/XtSypidiH47.VDM5JCeg.fZkpYQtkFdXLcjUpoyuvrnTeu/VYi', 'FnUser129', 'LnUser129', 'Frau', '', 'STUDENT', 0, '', 0, '0000-00-00 00:00:00', '0000-00-00 00:00:00'),
(130, 'user130', '$2y$10$UqJRVAc8/CK6FI/hzIZh9.RYfjd6Tufn1YlF.ZqprPSY8r0HWGIs2', 'FnUser130', 'LnUser130', 'Frau', '', 'STUDENT', 0, '', 0, '0000-00-00 00:00:00', '0000-00-00 00:00:00'),
(131, 'user131', '$2y$10$qy9QMpjQETwXsShrpSrm8eT06SeWiQtJ5PmR3.JugFMMtQISm4sPu', 'FnUser131', 'LnUser131', 'Herr', '', 'STUDENT', 0, '', 0, '0000-00-00 00:00:00', '0000-00-00 00:00:00'),
(132, 'user132', '$2y$10$qS82H0IkBBC5EIGgH3xb/ect6CONUeYC9YrpOtHor8e7Vk/fI6WN2', 'FnUser132', 'LnUser132', 'Frau', '', 'STUDENT', 0, '', 0, '0000-00-00 00:00:00', '0000-00-00 00:00:00'),
(133, 'user133', '$2y$10$aZSGWPxFRIxEx1omyXc..OzR0zK/7.b.wJXaFeoRmBstVBX90kJhS', 'FnUser133', 'LnUser133', 'Frau', '', 'STUDENT', 0, '', 0, '0000-00-00 00:00:00', '0000-00-00 00:00:00'),
(134, 'user134', '$2y$10$d3NvtJGZVPJ5hc/y1ilMz.daEQ/wKSBRXVwwDOouElwoZbXRasX2W', 'FnUser134', 'LnUser134', 'Frau', '', 'STUDENT', 0, '', 0, '0000-00-00 00:00:00', '0000-00-00 00:00:00'),
(135, 'user135', '$2y$10$tiIT4k.C/w355JaPWOzmRuFNn/IVXtONL.55qtj47S3sqY/0I2mia', 'FnUser135', 'LnUser135', 'Frau', '', 'STUDENT', 0, '', 0, '0000-00-00 00:00:00', '0000-00-00 00:00:00'),
(136, 'user136', '$2y$10$UfYdhzY0KNNGueQLzPSdEOQv7VeC8C4rXoiZELok8gNf3M9fHLeyu', 'FnUser136', 'LnUser136', 'Herr', '', 'STUDENT', 0, '', 0, '0000-00-00 00:00:00', '0000-00-00 00:00:00'),
(137, 'user137', '$2y$10$.ksQYCHVpSCYO77/e1lPCuMq.jL5pdljErz5EF.RYUSXnpfSpd75a', 'FnUser137', 'LnUser137', 'Herr', '', 'STUDENT', 0, '', 0, '0000-00-00 00:00:00', '0000-00-00 00:00:00'),
(138, 'user138', '$2y$10$.eSmhdiHcV5Uea11j9KMX.XThtuB5yEICER7ByzPhlVKsBJNeZnze', 'FnUser138', 'LnUser138', 'Herr', '', 'STUDENT', 0, '', 0, '0000-00-00 00:00:00', '0000-00-00 00:00:00'),
(139, 'user139', '$2y$10$3vHa4feyTYOB0oxn/eqR9ucRQMhbZFjuA3XYyZ6I3/eCF6cR8Df.W', 'FnUser139', 'LnUser139', 'Herr', '', 'STUDENT', 0, '', 0, '0000-00-00 00:00:00', '0000-00-00 00:00:00'),
(140, 'user140', '$2y$10$7k1pwwnrBsrY/RWusjm.w.CN27zwO6cixVfXn1WLzz/O4aH50TgGS', 'FnUser140', 'LnUser140', 'Frau', '', 'STUDENT', 0, '', 0, '0000-00-00 00:00:00', '0000-00-00 00:00:00'),
(141, 'user141', '$2y$10$vfJT8Be9SRb3iHgwDVc5OOW1xrZlp3Nj3YMkccdWrEuO6cniUpRoW', 'FnUser141', 'LnUser141', 'Frau', '', 'STUDENT', 0, '', 0, '0000-00-00 00:00:00', '0000-00-00 00:00:00'),
(142, 'user142', '$2y$10$Lj9Y4WS.VNY0WCFI.cy/HOkQfnsyiPvhoEQDA4PYgMvHaXWCY4nYy', 'FnUser142', 'LnUser142', 'Herr', '', 'STUDENT', 0, '', 0, '0000-00-00 00:00:00', '0000-00-00 00:00:00'),
(143, 'user143', '$2y$10$9PQ2VlUepdC8WZ1B0Rkt0eJTchkpcyOuOKQuYdavZXCtPu/iGboyy', 'FnUser143', 'LnUser143', 'Herr', '', 'STUDENT', 0, '', 0, '0000-00-00 00:00:00', '0000-00-00 00:00:00'),
(144, 'user144', '$2y$10$kZicLVVHAusxA4j/Gwpj1.MFCP9V5RVtAOKRbdpYYr9x5gB1OYDiW', 'FnUser144', 'LnUser144', 'Frau', '', 'STUDENT', 0, '', 0, '0000-00-00 00:00:00', '0000-00-00 00:00:00'),
(145, 'user145', '$2y$10$MZOj9bmGvg/som0CPEQYveIB0P4lXS/J8WAqsEDjnc5jZoVZt1zMu', 'FnUser145', 'LnUser145', 'Herr', '', 'STUDENT', 0, '', 0, '0000-00-00 00:00:00', '0000-00-00 00:00:00'),
(146, 'user146', '$2y$10$dI9gfa.Io/dd2TvTLD.45.OSbWLIuo049dbAVhA6ZdB0G6w5h.YXu', 'FnUser146', 'LnUser146', 'Herr', '', 'STUDENT', 0, '', 0, '0000-00-00 00:00:00', '0000-00-00 00:00:00'),
(147, 'user147', '$2y$10$1LSyFGP11/HL204Ep7TF/es800evakNw1Jal6JAZuNSPGA41/AJHC', 'FnUser147', 'LnUser147', 'Herr', '', 'STUDENT', 0, '', 0, '0000-00-00 00:00:00', '0000-00-00 00:00:00'),
(148, 'user148', '$2y$10$Wpc4aWoUM7huR961YaNACesROZo9qyiuL/vMv.sl90wiv3sfeJaVG', 'FnUser148', 'LnUser148', 'Frau', '', 'STUDENT', 0, '', 0, '0000-00-00 00:00:00', '0000-00-00 00:00:00'),
(149, 'user149', '$2y$10$ztKyykqFYPm8bZ1/tc2Fi.nBpKH9CIb6beJ4r6IzFzpsYhcg5KQ3q', 'FnUser149', 'LnUser149', 'Frau', '', 'STUDENT', 0, '', 0, '0000-00-00 00:00:00', '0000-00-00 00:00:00'),
(150, 'user150', '$2y$10$CKW9zEzv8c2rGXKJI2K3Rua4VYq4Jfj2jwBMP.wcLqqWRis6cAwwu', 'FnUser150', 'LnUser150', 'Herr', '', 'STUDENT', 0, '', 0, '0000-00-00 00:00:00', '0000-00-00 00:00:00'),
(151, 'user151', '$2y$10$Tac0S0LDg1H/eQ51iR5s3uzrk5DJ6RcOK8Nhjx0ok.C6dSAhlWJ7K', 'FnUser151', 'LnUser151', 'Frau', '', 'STUDENT', 0, '', 0, '0000-00-00 00:00:00', '0000-00-00 00:00:00'),
(152, 'user152', '$2y$10$HZ7C351J8NV7YJFn2q5aTeL.KX8ruAVHd.VFqS9iLOg8YM68D7whu', 'FnUser152', 'LnUser152', 'Herr', '', 'STUDENT', 0, '', 0, '0000-00-00 00:00:00', '0000-00-00 00:00:00'),
(153, 'user153', '$2y$10$i3xw6x/uPdwS.KHxz3NPCeOtfoonCyZsTWISW7mDwyKpep3a5BgSG', 'FnUser153', 'LnUser153', 'Herr', '', 'STUDENT', 0, '', 0, '0000-00-00 00:00:00', '0000-00-00 00:00:00'),
(154, 'user154', '$2y$10$ORah.XepOusc.hZL0nI1MeEHZarEyd6rpmwylC39UnN4Ox1PiR.hy', 'FnUser154', 'LnUser154', 'Frau', '', 'STUDENT', 0, '', 0, '0000-00-00 00:00:00', '0000-00-00 00:00:00'),
(155, 'user155', '$2y$10$m9pX.Hq8lZcE.v6tfoX6aOffBJmubdQ3fd8OnkrQKLetbD73c2OMm', 'FnUser155', 'LnUser155', 'Herr', '', 'STUDENT', 0, '', 0, '0000-00-00 00:00:00', '0000-00-00 00:00:00'),
(156, 'user156', '$2y$10$mrjy7tc9ccP7xRwh7YNc2e3dNiwmAu0PK3onA2l92DgBTbO/aarWm', 'FnUser156', 'LnUser156', 'Frau', '', 'STUDENT', 0, '', 0, '0000-00-00 00:00:00', '0000-00-00 00:00:00'),
(157, 'user157', '$2y$10$vZJI6AuwleA9Z17Wk.TzGOvKxOIqL72aGA1c/Qd1ryTyjTlYbVyxi', 'FnUser157', 'LnUser157', 'Herr', '', 'STUDENT', 0, '', 0, '0000-00-00 00:00:00', '0000-00-00 00:00:00'),
(158, 'user158', '$2y$10$faMr4rdFGmr2sOQyuZEKiOGoT/cVpe4uvnN6w.terxWmc/D.HULfi', 'FnUser158', 'LnUser158', 'Herr', '', 'STUDENT', 0, '', 0, '0000-00-00 00:00:00', '0000-00-00 00:00:00'),
(159, 'user159', '$2y$10$JtAI725C1hBaAHDrEK8Eie7CuEoRJNEIdzfyDQIa8RG.j8R6xJu2K', 'FnUser159', 'LnUser159', 'Frau', '', 'STUDENT', 0, '', 0, '0000-00-00 00:00:00', '0000-00-00 00:00:00'),
(160, 'user160', '$2y$10$9EFU7A3AgaJLCdd6WJHmx.2wrhSMxfzHLqciG99Q48dpTn24RsqMm', 'FnUser160', 'LnUser160', 'Herr', '', 'STUDENT', 0, '', 0, '0000-00-00 00:00:00', '0000-00-00 00:00:00'),
(161, 'user161', '$2y$10$bIUG9jDAo5cwxxHi7LGJPOnyL.4SAPgO4jfZ3Keb.wIIsSZZD0JXC', 'FnUser161', 'LnUser161', 'Frau', '', 'STUDENT', 0, '', 0, '0000-00-00 00:00:00', '0000-00-00 00:00:00'),
(162, 'user162', '$2y$10$Vq5zk8aBkihclBHZJZ.n.OIYjhXfJyB0gHSqNVEeSB9DfUPxiO82i', 'FnUser162', 'LnUser162', 'Herr', '', 'STUDENT', 0, '', 0, '0000-00-00 00:00:00', '0000-00-00 00:00:00'),
(163, 'user163', '$2y$10$TZ7GuDykwZjv284O1lCm1u/rXjhx3Y89Vz.OaU/hOXeJ1WX517MbW', 'FnUser163', 'LnUser163', 'Frau', '', 'STUDENT', 0, '', 0, '0000-00-00 00:00:00', '0000-00-00 00:00:00'),
(164, 'user164', '$2y$10$LLMr020N1uRhprp9IEY1cu2/ZMhE8PQZeHBuGw4NbftpQDLRMd53e', 'FnUser164', 'LnUser164', 'Frau', '', 'STUDENT', 0, '', 0, '0000-00-00 00:00:00', '0000-00-00 00:00:00'),
(165, 'user165', '$2y$10$3P5xjOrwpwq43oELq9Ak5un/zwHi31JfPXoAnV/7UUocaR/oAhrqm', 'FnUser165', 'LnUser165', 'Frau', '', 'STUDENT', 0, '', 0, '0000-00-00 00:00:00', '0000-00-00 00:00:00'),
(166, 'user166', '$2y$10$1Xh.L49k.FgL3O/V5wr0JOM91RbPSnMIbzdG5cv4MRjv6Ipqvdi3G', 'FnUser166', 'LnUser166', 'Herr', '', 'STUDENT', 0, '', 0, '0000-00-00 00:00:00', '0000-00-00 00:00:00'),
(167, 'user167', '$2y$10$.RAx9dMXdWTd455t7SxRw.pT4XSQNS5yGZvI5RocRrUF318wAvJC6', 'FnUser167', 'LnUser167', 'Herr', '', 'STUDENT', 0, '', 0, '0000-00-00 00:00:00', '0000-00-00 00:00:00'),
(168, 'user168', '$2y$10$Uw9supYxElVawhaTrlJEwuaZhlQx2r9z4MqyhBTE6x/uMpcE/aiL.', 'FnUser168', 'LnUser168', 'Herr', '', 'STUDENT', 0, '', 0, '0000-00-00 00:00:00', '0000-00-00 00:00:00'),
(169, 'user169', '$2y$10$lAKRv/BSpXQ4mcm/LFkabeG0h3Q11gZI.D1CUtQsi19FqRsHBmjCq', 'FnUser169', 'LnUser169', 'Frau', '', 'STUDENT', 0, '', 0, '0000-00-00 00:00:00', '0000-00-00 00:00:00'),
(170, 'user170', '$2y$10$Ga2pcw/4p1rtUxskwl3b7.Vqz67b0e6LERT/p3S4Z6tpNPWoB.j5u', 'FnUser170', 'LnUser170', 'Herr', '', 'STUDENT', 0, '', 0, '0000-00-00 00:00:00', '0000-00-00 00:00:00'),
(171, 'user171', '$2y$10$9lnh/84bC8QNg1PnTrIgyeqqot4WrqNnA5L31SDD5oFG8YEN0Pram', 'FnUser171', 'LnUser171', 'Herr', '', 'STUDENT', 0, '', 0, '0000-00-00 00:00:00', '0000-00-00 00:00:00'),
(172, 'user172', '$2y$10$eWc3fO9NhWAOY0PVf/HjRu0qNgv0ZrE4srAyVo3ENPcHtWTj14Uga', 'FnUser172', 'LnUser172', 'Herr', '', 'STUDENT', 0, '', 0, '0000-00-00 00:00:00', '0000-00-00 00:00:00'),
(173, 'user173', '$2y$10$2fX5czK3JSVSybPcFhRjxub/sHm3Z5l8BR.tP6EuWh.swL.xu8SAG', 'FnUser173', 'LnUser173', 'Herr', '', 'STUDENT', 0, '', 0, '0000-00-00 00:00:00', '0000-00-00 00:00:00'),
(174, 'user174', '$2y$10$7YtQkIb3TGfBwmlF8A90i.C1pmZmS3G3eB7bTgQZnCoypwDfzkYs6', 'FnUser174', 'LnUser174', 'Frau', '', 'STUDENT', 0, '', 0, '0000-00-00 00:00:00', '0000-00-00 00:00:00'),
(175, 'user175', '$2y$10$cDmxtSJFikM5ud2vaecQ/.5LCBK924mjPWRC98l8xNmiQxng3jlBm', 'FnUser175', 'LnUser175', 'Herr', '', 'STUDENT', 0, '', 0, '0000-00-00 00:00:00', '0000-00-00 00:00:00'),
(176, 'user176', '$2y$10$WKWkqY0R2qSAwORdD1k46Owu01KUuhZZDacW4q/HcV3dHJFLjVzXu', 'FnUser176', 'LnUser176', 'Frau', '', 'STUDENT', 0, '', 0, '0000-00-00 00:00:00', '0000-00-00 00:00:00'),
(177, 'user177', '$2y$10$e7orJ8uJ9S8rstJLA4BAMefJTEnnkRHzfEwryIe0D/yuQjF2o92/a', 'FnUser177', 'LnUser177', 'Frau', '', 'STUDENT', 0, '', 0, '0000-00-00 00:00:00', '0000-00-00 00:00:00'),
(178, 'user178', '$2y$10$qEXVLxIIeihOAg7MpmhZ.ORxn5dpHoQRoYrz5pj1cO6qDoA9BCEHG', 'FnUser178', 'LnUser178', 'Frau', '', 'STUDENT', 0, '', 0, '0000-00-00 00:00:00', '0000-00-00 00:00:00'),
(179, 'user179', '$2y$10$C1eCtTgBoMEGehT2l128ruOKZwui5F9/pDIITyiIxgJp4.X95gtE.', 'FnUser179', 'LnUser179', 'Herr', '', 'STUDENT', 0, '', 0, '0000-00-00 00:00:00', '0000-00-00 00:00:00'),
(180, 'user180', '$2y$10$d2Ppf284THveYqGMkbiFmeSsgA06iyuoZtQouFLevqHgTkiHNt3a2', 'FnUser180', 'LnUser180', 'Herr', '', 'STUDENT', 0, '', 0, '0000-00-00 00:00:00', '0000-00-00 00:00:00'),
(181, 'user181', '$2y$10$7mc/W30Z.5qoBQIJ8u8z/Oj6ePH.1zMF2Vc5aVujBiAlOvFgCCwdC', 'FnUser181', 'LnUser181', 'Frau', '', 'STUDENT', 0, '', 0, '0000-00-00 00:00:00', '0000-00-00 00:00:00'),
(182, 'user182', '$2y$10$4x/2ZiNZdGl8PfZQoN1wveO0jus6eiB16FO2F6/M5ELYECuYVin3a', 'FnUser182', 'LnUser182', 'Herr', '', 'STUDENT', 0, '', 0, '0000-00-00 00:00:00', '0000-00-00 00:00:00'),
(183, 'user183', '$2y$10$bxj0r2tbsf2D8JnqjMesZuusN2nrHMIzCImuZAOUq7V2Brh.0uVNq', 'FnUser183', 'LnUser183', 'Frau', '', 'STUDENT', 0, '', 0, '0000-00-00 00:00:00', '0000-00-00 00:00:00'),
(184, 'user184', '$2y$10$IMgecofWiRH9.QcsdxMgNu1We1QF/EknqZMY2yh/oZbro1Np/BnIy', 'FnUser184', 'LnUser184', 'Herr', '', 'STUDENT', 0, '', 0, '0000-00-00 00:00:00', '0000-00-00 00:00:00'),
(185, 'user185', '$2y$10$bpZhilYO5mfcs/b.ILyC5ukaDeXQH7E7xhRZXej8.OmoFppuEpPQS', 'FnUser185', 'LnUser185', 'Herr', '', 'STUDENT', 0, '', 0, '0000-00-00 00:00:00', '0000-00-00 00:00:00'),
(186, 'user186', '$2y$10$u8OiTm9QI/QoAbbpsapem.ADrvJUS2diC7emAJoojXIEBPjMNbGZW', 'FnUser186', 'LnUser186', 'Frau', '', 'STUDENT', 0, '', 0, '0000-00-00 00:00:00', '0000-00-00 00:00:00'),
(187, 'user187', '$2y$10$SJs9ThcfkpLbrWUDWPki/.zrwrLqoLe/hYZ2WJirrlPmjezYy148q', 'FnUser187', 'LnUser187', 'Frau', '', 'STUDENT', 0, '', 0, '0000-00-00 00:00:00', '0000-00-00 00:00:00'),
(188, 'user188', '$2y$10$YN85hVFpQPnAX0qGAz4zlu6AxXe34AD9753G3H6E4OyFoIQKxJIku', 'FnUser188', 'LnUser188', 'Herr', '', 'STUDENT', 0, '', 0, '0000-00-00 00:00:00', '0000-00-00 00:00:00'),
(189, 'user189', '$2y$10$ryXCuA2bDrSbR5E4W8iIDeS9G8xwMnxA1lDb.tWhYcQjQE93NQdCC', 'FnUser189', 'LnUser189', 'Herr', '', 'STUDENT', 0, '', 0, '0000-00-00 00:00:00', '0000-00-00 00:00:00'),
(190, 'user190', '$2y$10$xJKbGfvNjeZ6ByK/4Vy98OTE3XHjB2.D08YqYTCv9Ihjj/60CXPTW', 'FnUser190', 'LnUser190', 'Herr', '', 'STUDENT', 0, '', 0, '0000-00-00 00:00:00', '0000-00-00 00:00:00'),
(191, 'user191', '$2y$10$CmHtzJG5aAnxqif40.B3z.GjIhTSyUMK38Rh9G5YVEaHZG/LU7YC2', 'FnUser191', 'LnUser191', 'Frau', '', 'STUDENT', 0, '', 0, '0000-00-00 00:00:00', '0000-00-00 00:00:00'),
(192, 'user192', '$2y$10$GtlZHaeSqbVOwgov7RZAUO/D4GvCcb66G5GrymInO2boK3zIGSmAW', 'FnUser192', 'LnUser192', 'Herr', '', 'STUDENT', 0, '', 0, '0000-00-00 00:00:00', '0000-00-00 00:00:00'),
(193, 'user193', '$2y$10$QNt9jW5Xu7WnG8.Lk6eQnumV5y2sLsfBBRUtNQDCKBHRNzwir2ePi', 'FnUser193', 'LnUser193', 'Frau', '', 'STUDENT', 0, '', 0, '0000-00-00 00:00:00', '0000-00-00 00:00:00'),
(194, 'user194', '$2y$10$m/Tl0URacd/892ED05tgTe/DEul9ybP/NGuoBsCXlPbpIOw.7Yvyi', 'FnUser194', 'LnUser194', 'Frau', '', 'STUDENT', 0, '', 0, '0000-00-00 00:00:00', '0000-00-00 00:00:00'),
(195, 'user195', '$2y$10$sQpcvVkEzlwVPd1R3Sjt.ufE/X57stmL2DTVAudA5SAGwylHvX3z.', 'FnUser195', 'LnUser195', 'Frau', '', 'STUDENT', 0, '', 0, '0000-00-00 00:00:00', '0000-00-00 00:00:00'),
(196, 'user196', '$2y$10$k9EtsvvEjRpbVRgAdvnOA..VYPgkXHTKhlUg9y3OouOEa0.REmJFi', 'FnUser196', 'LnUser196', 'Herr', '', 'STUDENT', 0, '', 0, '0000-00-00 00:00:00', '0000-00-00 00:00:00'),
(197, 'user197', '$2y$10$pNJv4l8OOROvhoQp/dJ.fObncDE04aesPpfjWnAB51zPXxllyFmN6', 'FnUser197', 'LnUser197', 'Frau', '', 'STUDENT', 0, '', 0, '0000-00-00 00:00:00', '0000-00-00 00:00:00'),
(198, 'user198', '$2y$10$adMZhnICkmkH3XyyyGEbXeCmTEQd3BlGjtLM9XMDk8wFY9En7gDIW', 'FnUser198', 'LnUser198', 'Herr', '', 'STUDENT', 0, '', 0, '0000-00-00 00:00:00', '0000-00-00 00:00:00'),
(199, 'user199', '$2y$10$UXBTPg8Mr3OkaltFcoY5TuwEY5I.0zCulTr2EBUQk9w6p8EZ1Te6O', 'FnUser199', 'LnUser199', 'Frau', '', 'STUDENT', 0, '', 0, '0000-00-00 00:00:00', '0000-00-00 00:00:00'),
(200, 'user200', '$2y$10$uyUtPYGzPKx7NzZIF7pNWOvWi5ngceGqkdScQgXo1L9O4sfNvyRdS', 'FnUser200', 'LnUser200', 'Herr', '', 'STUDENT', 0, '', 0, '0000-00-00 00:00:00', '0000-00-00 00:00:00'),
(203, 'teacher3', '$2y$10$A0bUqO0b.8gIkT76NxUl/.FAsVE8Zxm6StGEZa0FXsdh01taXJxEe', '', 't3', 'Mr', '', 'TEACHER', 0, '', 0, '0000-00-00 00:00:00', '0000-00-00 00:00:00'),
(204, 'teacher4', '$2y$10$d9sUwEiUbd4bSl0NhYUJUecWxCTj8vZUxzF19CU.GtHTVz07ihIwG', '', 't4', 'Mrs', '', 'TEACHER', 0, '', 0, '0000-00-00 00:00:00', '0000-00-00 00:00:00'),
(205, 'teacher5', '$2y$10$h53TqDFwfWIhqQx.ObWg9eUDwJcJMIVs5advNc1fY4ZgP5CqPx3Ze', '', 't5', 'Mr', '', 'TEACHER', 0, '', 0, '0000-00-00 00:00:00', '0000-00-00 00:00:00'),
(206, 'teacher6', '$2y$10$KNo4.a3NQtcU9gTu.OFLzO1QnmB7atXcPB577kFnn.mxtyenE5c2e', '', 't6', 'Mrs', '', 'TEACHER', 0, '', 0, '0000-00-00 00:00:00', '0000-00-00 00:00:00'),
(207, 'teacher7', '$2y$10$BottLTDPfq.euT05cTHlUec0GL3C.rEZ3AMUuxOyA8EXeXp8MLWla', '', 't7', 'Mrs', '', 'TEACHER', 0, '', 0, '0000-00-00 00:00:00', '0000-00-00 00:00:00'),
(208, 'teacher8', '$2y$10$zRUKiTjyTF5TK9OZXgm1NObiAPkfnzUHHepCbZ35CPnE.7HZdy1ka', '', 't8', 'Mrs', '', 'TEACHER', 0, '', 0, '0000-00-00 00:00:00', '0000-00-00 00:00:00'),
(209, 'teacher9', '$2y$10$mkul6IloRN2b05wzhwI6YOBwkJCo9UFyjPme2X3NxFlF9.FX1Jq0C', '', 't9', 'Mr', '', 'TEACHER', 0, '', 0, '0000-00-00 00:00:00', '0000-00-00 00:00:00'),
(210, 'teacher10', '$2y$10$6PWCqjQaL/pr9TUAgnHTBezTfJvcRl8fKOifdFwKtx2xw.hdIrwzu', '', 't10', 'Mr', '', 'TEACHER', 0, '', 0, '0000-00-00 00:00:00', '0000-00-00 00:00:00'),
(211, 'teacher11', '$2y$10$oZKfZgqN2vxGp.LvHEgPieB26P6kp7GpEAY/l2diU3/yDCeOcYNXa', '', 't11', 'Mrs', '', 'TEACHER', 0, '', 0, '0000-00-00 00:00:00', '0000-00-00 00:00:00'),
(212, 'teacher12', '$2y$10$zQLvcLE4Kdv53ENlnKGDdumNI1vcLQ3rojNtwhmpjttMMEkksdcje', '', 't12', 'Mrs', '', 'TEACHER', 0, '', 0, '0000-00-00 00:00:00', '0000-00-00 00:00:00'),
(213, 'teacher13', '$2y$10$omN3pmudomiFOgdTO.ZwTug0euWTC8sHyvObxsS84FLh2r4bOhl2K', '', 't13', 'Mr', '', 'TEACHER', 0, '', 0, '0000-00-00 00:00:00', '0000-00-00 00:00:00'),
(214, 'teacher14', '$2y$10$P10ranBTjcUbJndzd1D54.jN31ujMzhmEd50l11Kdt2cN925LXBUK', '', 't14', 'Mr', '', 'TEACHER', 0, '', 0, '0000-00-00 00:00:00', '0000-00-00 00:00:00'),
(215, 'teacher15', '$2y$10$p8fcz9COKsfmXbBBZf.E.e3ZgNcXn1LhLw1vOeBwuVK7t9HPYD4Kq', '', 't15', 'Mrs', '', 'TEACHER', 0, '', 0, '0000-00-00 00:00:00', '0000-00-00 00:00:00'),
(216, 'teacher16', '$2y$10$5Ongila/UNdhuXCAvMOgO.ZM1M9oa9TgiMe7ghxftaE63rSEivc/i', '', 't16', 'Mrs', '', 'TEACHER', 0, '', 0, '0000-00-00 00:00:00', '0000-00-00 00:00:00'),
(217, 'teacher17', '$2y$10$kC/cYtUT7o99H3CO6PY9Qekk6fi1elmJyyHAlz8LekDVeQmEw/fIC', '', 't17', 'Mr', '', 'TEACHER', 0, '', 0, '0000-00-00 00:00:00', '0000-00-00 00:00:00'),
(218, 'teacher18', '$2y$10$s06LWZ/KJFptBE0uAPLD8.EndTyimFNrM62EV2rGpw9NaxEimWRYa', '', 't18', 'Mrs', '', 'TEACHER', 0, '', 0, '0000-00-00 00:00:00', '0000-00-00 00:00:00'),
(219, 'admin', '$2y$10$QjxMz2NENhcc.bbj8sc.a.kkA6.yJIzcA28wSKyMWUWb2uULs5mt.', '', 'AD', 'Mr', '', 'ADMIN', 0, '', 0, '0000-00-00 00:00:00', '0000-00-00 00:00:00'),
(220, 'admin2', '$2y$10$/jXCQgb2i.Elz4.jJMs2Y.E1WyGdyDNgn..FsW92pYhUll5Q4HqPC', '', 'admin', 'Mr', '', 'ADMIN', 0, '', 0, '0000-00-00 00:00:00', '0000-00-00 00:00:00'),
(221, 'Benutzer', '$2y$10$z4jRqsEnJVW/sYTw/nsBtOrsyc0OmVwL8d9fo4UBkTTi1gE041LEq', NULL, 'nutzer', NULL, '7a', 'STUDENT', 0, 's-d@web.de', 0, '2018-01-29 20:45:17', '2018-01-29 20:45:17'),
(222, 'Benutzer2', '$2y$10$sWjYVuB59pDEfBXPrSLwquTofDgpcZ7fabhdKUc4B8uDazLq3ikEa', NULL, 'nutzer', NULL, '7a', 'STUDENT', 0, 's-d@web.de', 0, '2018-01-29 20:47:02', '2018-01-29 20:47:02'),
(223, 'Benutzer3', '$2y$10$25lJ5x0.6u8fr1hUF5c5COwNKkhfRVz2OsngTEJoQO046u8LDG26G', NULL, 'nutzer', NULL, '7a', 'STUDENT', 0, 's-d@web.de', 0, '2018-01-29 20:47:51', '2018-01-29 20:47:51'),
(224, 'Benutzer4', '$2y$10$/7VK94.bWMZg6OZOCIx0VOXuBtpuNaSXGo2Wv3lIMV6Eqk4ABeU3m', 'Be', 'nutzer', NULL, '7a', 'STUDENT', 0, 's-d@web.de', 0, '2018-01-29 20:48:22', '2018-01-29 20:48:22'),
(225, 'Benutzer6', '$2y$10$Hq1tRi09UcJUh5czONBYN.h/3uv8nJs1/GXbPJDvCku0aEXxDi2ti', 'Be', 'nutzer', NULL, '7a', 'STUDENT', 0, 's-d@web.de', 0, '2018-01-29 20:50:46', '2018-01-29 20:50:46'),
(226, 'Benutzer7', '$2y$10$rs0PbtERrPbpEBctdV1As.H8eCr.ZQwcfPfkZgo55.bvx6Z3JXJdO', 'Be', 'nutzer', 'Herr', '7a', 'STUDENT', 0, 's-d@web.de', 0, '2018-01-29 20:51:36', '2018-01-29 20:51:36'),
(227, 'djakls', '$2y$10$dL3BmoB5lb2tRQJuDws2OON0s2904XzKhXyw51bVKU.Cdl.nNyg7i', '', '', 'Herr', '', 'STUDENT', 0, '', 0, '2018-01-30 21:26:23', '2018-01-30 21:26:23'),
(228, 'martin', '$2y$10$1woGWYUCxZfi16ZRhlSfz.uZyqbB5wwOeidVs3teoIS/V8H7AR.qu', 'Maritn', 'Schulte', 'Herr', '7a', 'STUDENT', 0, 'schulte-martin@web.de', 0, '2018-01-30 21:35:41', '2018-01-30 21:35:41');

--
-- Indizes der exportierten Tabellen
--

--
-- Indizes für die Tabelle `course`
--
ALTER TABLE `course`
  ADD PRIMARY KEY (`courseID`);

--
-- Indizes für die Tabelle `courseLeader`
--
ALTER TABLE `courseLeader`
  ADD PRIMARY KEY (`userID`,`courseID`);

--
-- Indizes für die Tabelle `selection`
--
ALTER TABLE `selection`
  ADD PRIMARY KEY (`userID`,`courseID`);

--
-- Indizes für die Tabelle `user`
--
ALTER TABLE `user`
  ADD PRIMARY KEY (`userID`),
  ADD UNIQUE KEY `username` (`username`);

--
-- AUTO_INCREMENT für exportierte Tabellen
--

--
-- AUTO_INCREMENT für Tabelle `course`
--
ALTER TABLE `course`
  MODIFY `courseID` int(11) NOT NULL AUTO_INCREMENT, AUTO_INCREMENT=18;
--
-- AUTO_INCREMENT für Tabelle `user`
--
ALTER TABLE `user`
  MODIFY `userID` int(11) NOT NULL AUTO_INCREMENT, AUTO_INCREMENT=229;
/*!40101 SET CHARACTER_SET_CLIENT=@OLD_CHARACTER_SET_CLIENT */;
/*!40101 SET CHARACTER_SET_RESULTS=@OLD_CHARACTER_SET_RESULTS */;
/*!40101 SET COLLATION_CONNECTION=@OLD_COLLATION_CONNECTION */;
